-- phpMyAdmin SQL Dump
-- version 4.0.10.12
-- http://www.phpmyadmin.net
--
-- Inang: 127.13.3.2:3306
-- Waktu pembuatan: 26 Agu 2017 pada 18.45
-- Versi Server: 5.5.52
-- Versi PHP: 5.3.3

SET SQL_MODE = "NO_AUTO_VALUE_ON_ZERO";
SET time_zone = "+00:00";


/*!40101 SET @OLD_CHARACTER_SET_CLIENT=@@CHARACTER_SET_CLIENT */;
/*!40101 SET @OLD_CHARACTER_SET_RESULTS=@@CHARACTER_SET_RESULTS */;
/*!40101 SET @OLD_COLLATION_CONNECTION=@@COLLATION_CONNECTION */;
/*!40101 SET NAMES utf8 */;

--
-- Basis data: `OCSREBORN`
--

-- --------------------------------------------------------

--
-- Struktur dari tabel `asset`
--

CREATE TABLE IF NOT EXISTS `asset` (
  `id` int(11) NOT NULL AUTO_INCREMENT,
  `rekening` varchar(50) DEFAULT NULL,
  `bank` varchar(50) DEFAULT NULL,
  `pemilik` varchar(50) DEFAULT NULL,
  `nohp` varchar(50) DEFAULT NULL,
  `provider` varchar(50) DEFAULT NULL,
  PRIMARY KEY (`id`)
) ENGINE=MyISAM  DEFAULT CHARSET=latin1 AUTO_INCREMENT=2 ;

--
-- Dumping data untuk tabel `asset`
--

INSERT INTO `asset` (`id`, `rekening`, `bank`, `pemilik`, `nohp`, `provider`) VALUES
(1, NULL, NULL, 'Agus Saufi', '085828343538', 'Indosat');

-- --------------------------------------------------------

--
-- Struktur dari tabel `ci_sessions`
--

CREATE TABLE IF NOT EXISTS `ci_sessions` (
  `id` varchar(40) NOT NULL,
  `ip_address` varchar(45) NOT NULL,
  `timestamp` int(10) unsigned NOT NULL DEFAULT '0',
  `data` blob NOT NULL,
  PRIMARY KEY (`id`),
  KEY `ci_sessions_timestamp` (`timestamp`)
) ENGINE=MyISAM DEFAULT CHARSET=latin1;

-- --------------------------------------------------------

--
-- Struktur dari tabel `continent`
--

CREATE TABLE IF NOT EXISTS `continent` (
  `Id` int(11) NOT NULL AUTO_INCREMENT,
  `Name` varchar(20) DEFAULT NULL,
  PRIMARY KEY (`Id`)
) ENGINE=MyISAM  DEFAULT CHARSET=latin1 AUTO_INCREMENT=7 ;

--
-- Dumping data untuk tabel `continent`
--

INSERT INTO `continent` (`Id`, `Name`) VALUES
(1, 'Asia'),
(2, 'North America'),
(3, 'Europe'),
(4, 'South America'),
(5, 'Africa'),
(6, 'Oceania');

-- --------------------------------------------------------

--
-- Struktur dari tabel `country`
--

CREATE TABLE IF NOT EXISTS `country` (
  `Id` int(11) NOT NULL AUTO_INCREMENT,
  `Name` varchar(20) DEFAULT NULL,
  `Country` varchar(20) DEFAULT NULL,
  PRIMARY KEY (`Id`)
) ENGINE=MyISAM  DEFAULT CHARSET=latin1 AUTO_INCREMENT=17 ;

--
-- Dumping data untuk tabel `country`
--

INSERT INTO `country` (`Id`, `Name`, `Country`) VALUES
(1, 'Asia', 'Singapore'),
(2, 'Asia', 'Indonesia'),
(3, 'Asia', 'Japan'),
(4, 'Asia', 'Hongkong'),
(5, 'Europe', 'Netherlands'),
(6, 'Europe', 'Germani'),
(7, 'Europe', 'France'),
(8, 'Europe', 'Luxembourg'),
(9, 'North-America', 'NY-USA'),
(10, 'North-America', 'Canada'),
(11, 'North-America', 'LA-USA'),
(12, 'South-America', 'SF-USA'),
(14, 'Africa', 'Johanesburg'),
(15, 'Oceania', 'Australia'),
(16, 'North-America', 'Austria');

-- --------------------------------------------------------

--
-- Struktur dari tabel `deposit`
--

CREATE TABLE IF NOT EXISTS `deposit` (
  `id` int(11) NOT NULL AUTO_INCREMENT,
  `userid` int(11) NOT NULL,
  `pesan` text NOT NULL,
  `is_confirmed` tinyint(1) NOT NULL DEFAULT '0',
  `jumlah` int(11) DEFAULT NULL,
  `created_at` date NOT NULL,
  PRIMARY KEY (`id`)
) ENGINE=MyISAM  DEFAULT CHARSET=latin1 AUTO_INCREMENT=215 ;

--
-- Dumping data untuk tabel `deposit`
--

INSERT INTO `deposit` (`id`, `userid`, `pesan`, `is_confirmed`, `jumlah`, `created_at`) VALUES
(1, 2, 'demo Meminta saldo via no hp: 085731272172 dikirim ke nomor : 085828343538 sebesar : 25000', 1, 25000, '2017-07-30'),
(2, 2, 'demo Meminta saldo via no hp: 085828343538 dikirim ke nomor : 085828343538 sebesar : 25400', 1, 25400, '2017-07-30'),
(3, 1, 'admin Meminta saldo via no hp: 085828343538 dikirim ke nomor : 085828343538 sebesar : 2500000', 1, 2500000, '2017-07-30'),
(4, 5, 'sisswo Meminta saldo via no hp: 085269902593 dikirim ke nomor : 085828343538 sebesar : 100', 1, 100, '2017-07-31'),
(5, 8, 'Anam Meminta saldo via no hp: 083836650404 dikirim ke nomor : 085828343538 sebesar : 25000', 1, 25000, '2017-07-31'),
(7, 2, 'demo Meminta saldo via no hp: 0858382747472 dikirim ke nomor : 085828343538 sebesar : 250000', 1, 250000, '2017-07-31'),
(8, 2, 'demo Meminta saldo via no hp: 12345ed dikirim ke nomor : 085828343538 sebesar : 25000', 1, 25000, '2017-08-01'),
(9, 2, 'demo Meminta saldo via no hp: 170707534773355 dikirim ke nomor : 085828343538 sebesar : 100000', 1, 100000, '2017-08-01'),
(10, 2, 'demo Meminta saldo via no hp: 170707534773355 dikirim ke nomor : 085828343538 sebesar : 25000', 1, 25000, '2017-08-01'),
(11, 2, 'demo Meminta saldo via no hp: 0895374049489 dikirim ke nomor : 085828343538 sebesar : 25000', 1, 25000, '2017-08-01'),
(80, 117, 'rebutan Meminta saldo via no hp: 8273826#6 dikirim ke nomor : 085828343538 sebesar : 10000', 1, 10000, '2017-08-11'),
(15, 55, 'Waduk Meminta saldo via no hp: 08132776615 dikirim ke nomor : 085828343538 sebesar : 5000', 1, 5000, '2017-08-02'),
(16, 2, 'demo Meminta saldo via no hp: 008309218390 dikirim ke nomor : 085828343538 sebesar : 100000', 1, 100000, '2017-08-03'),
(17, 2, 'demo Meminta saldo via no hp: 008309218390 dikirim ke nomor : 085828343538 sebesar : 100000', 1, 100000, '2017-08-03'),
(18, 2, 'demo Meminta saldo via no hp: 085828343538 dikirim ke nomor : 085828343538 sebesar : 25000', 1, 25000, '2017-08-03'),
(19, 2, 'demo Meminta saldo via no hp: 082687269632 dikirim ke nomor : 085828343538 sebesar : 25000', 1, 25000, '2017-08-03'),
(58, 2, 'demo Meminta saldo via no hp: 085731272172 dikirim ke nomor : 085828343538 sebesar : 768', 1, 768, '2017-08-07'),
(24, 2, 'demo Meminta saldo via no hp: 96287471772 dikirim ke nomor : 085828343538 sebesar : 2500000', 1, 2500000, '2017-08-03'),
(30, 65, 'tejo99 Meminta saldo via no hp: 0858-0447-6528 dikirim ke nomor : 085828343538 sebesar : 25000', 1, 25000, '2017-08-03'),
(70, 117, 'rebutan Meminta saldo via no hp: 08635788 dikirim ke nomor : 085828343538 sebesar : 10000', 1, 10000, '2017-08-11'),
(45, 2, 'demo Meminta saldo via no hp: 085731272172 dikirim ke nomor : 085828343538 sebesar : 10000', 1, 10000, '2017-08-05'),
(69, 117, 'rebutan Meminta saldo via no hp: 081234567890 dikirim ke nomor : 085828343538 sebesar : 10000', 1, 10000, '2017-08-11'),
(68, 117, 'rebutan Meminta saldo via no hp: 089537487897897897 dikirim ke nomor : 085828343538 sebesar : 9015', 1, 9015, '2017-08-11'),
(40, 117, 'rebutan Meminta saldo via no hp: 092192398429 dikirim ke nomor : 085828343538 sebesar : 30000', 1, 30000, '2017-08-04'),
(61, 137, 'Taufiq83 Meminta saldo via no hp: 08155907790 dikirim ke nomor : 085828343538 sebesar : 25000', 1, 25000, '2017-08-08'),
(97, 2, 'demo Meminta saldo via no hp: 089636956550 dikirim ke nomor : 085828343538 sebesar : 10000', 1, 10000, '2017-08-11'),
(84, 2, 'demo Meminta saldo via no hp: 0976544566754446 dikirim ke nomor : 085828343538 sebesar : 10000', 1, 10000, '2017-08-11'),
(94, 117, 'rebutan Meminta saldo via no hp: 17 986422 dikirim ke nomor : 085828343538 sebesar : 30000', 1, 30000, '2017-08-11'),
(92, 117, 'rebutan Meminta saldo via no hp: 50055 dikirim ke nomor : 085828343538 sebesar : 1000', 1, 1000, '2017-08-11'),
(93, 117, 'rebutan Meminta saldo via no hp: Sdvv dikirim ke nomor : 085828343538 sebesar : 6000', 1, 6000, '2017-08-11'),
(99, 2, 'demo Meminta saldo via no hp: 085828343538 dikirim ke nomor : 085828343538 sebesar : 79332', 1, 79332, '2017-08-12'),
(100, 201, 'viky Meminta saldo via no hp: 085330233770 dikirim ke nomor : 085828343538 sebesar : 10000', 1, 10000, '2017-08-13'),
(101, 117, 'rebutan Meminta saldo via no hp: 089999999999 dikirim ke nomor : 085828343538 sebesar : 10000', 1, 10000, '2017-08-13'),
(102, 2, 'demo Meminta saldo via no hp: 085828343538 dikirim ke nomor : 085828343538 sebesar : 100000', 1, 100000, '2017-08-13'),
(115, 229, 'bento Meminta saldo via no hp: 083130353090 dikirim ke nomor : 085828343538 sebesar : 10000', 1, 10000, '2017-08-14'),
(104, 2, 'demo Meminta saldo via no hp: 77777777777 dikirim ke nomor : 085828343538 sebesar : 10000', 1, 10000, '2017-08-13'),
(105, 2, 'demo Meminta saldo via no hp: 083129619453 dikirim ke nomor : 085828343538 sebesar : 10000', 1, 10000, '2017-08-13'),
(106, 2, 'demo Meminta saldo via no hp: 087700283875 dikirim ke nomor : 085828343538 sebesar : 10000', 1, 10000, '2017-08-13'),
(107, 2, 'demo Meminta saldo via no hp: 082231245896 dikirim ke nomor : 085828343538 sebesar : 200000', 1, 200000, '2017-08-13'),
(108, 117, 'rebutan Meminta saldo via no hp: 08988622804 dikirim ke nomor : 085828343538 sebesar : 10000', 1, 10000, '2017-08-13'),
(109, 212, 'kopra Meminta saldo via no hp: 08988622804 dikirim ke nomor : 085828343538 sebesar : 10000', 1, 10000, '2017-08-13'),
(110, 219, 'Anambest Meminta saldo via no hp: 082333062352 dikirim ke nomor : 085828343538 sebesar : 10000', 1, 10000, '2017-08-13'),
(111, 2, 'demo Meminta saldo via no hp: 08564664353 dikirim ke nomor : 085828343538 sebesar : 100000', 1, 100000, '2017-08-13'),
(112, 225, 'ifhan Meminta saldo via no hp: 08980271314/524A46 dikirim ke nomor : 085828343538 sebesar : 100000', 1, 100000, '2017-08-13'),
(113, 149, 'yoesriel Meminta saldo via no hp: 0892728888 dikirim ke nomor : 085828343538 sebesar : 10000', 1, 10000, '2017-08-13'),
(114, 2, 'demo Meminta saldo via no hp: 0904348372 dikirim ke nomor : 085828343538 sebesar : 100000', 1, 100000, '2017-08-14'),
(116, 2, 'demo Meminta saldo via no hp: 08988622804 dikirim ke nomor : 085828343538 sebesar : 10000', 1, 10000, '2017-08-14'),
(117, 2, 'demo Meminta saldo via no hp: 699383uqu dikirim ke nomor : 085828343538 sebesar : 100000', 1, 100000, '2017-08-14'),
(118, 2, 'demo Meminta saldo via no hp: 4261828825252 dikirim ke nomor : 085828343538 sebesar : 100000', 1, 100000, '2017-08-14'),
(119, 2, 'demo Meminta saldo via no hp: 08988622804 dikirim ke nomor : 085828343538 sebesar : 10000', 1, 10000, '2017-08-14'),
(120, 2, 'demo Meminta saldo via no hp: Agus Saufi dikirim ke nomor : 085828343538 sebesar : 10000', 1, 10000, '2017-08-14'),
(121, 2, 'demo Meminta saldo via no hp: 08646784 dikirim ke nomor : 085828343538 sebesar : 100000', 1, 100000, '2017-08-14'),
(122, 2, 'demo Meminta saldo via no hp: 08988622804 dikirim ke nomor : 085828343538 sebesar : 10000', 1, 10000, '2017-08-14'),
(123, 2, 'demo Meminta saldo via no hp: 085879591634 dikirim ke nomor : 085828343538 sebesar : 10000', 1, 10000, '2017-08-14'),
(124, 208, 'novamaestrawan Meminta saldo via no hp: 083119813541 dikirim ke nomor : 085828343538 sebesar : 100000', 1, 100000, '2017-08-14'),
(160, 281, 'izamj01 Meminta saldo via no hp: 08999834284 dikirim ke nomor : 085828343538 sebesar : 10000', 1, 10000, '2017-08-18'),
(168, 2, 'demo Meminta saldo via no hp: 245244 dikirim ke nomor : 085828343538 sebesar : 10000', 1, 10000, '2017-08-19'),
(167, 2, 'demo Meminta saldo via no hp: 08289734287289 dikirim ke nomor : 085828343538 sebesar : 10000', 1, 10000, '2017-08-18'),
(128, 210, 'rizky Meminta saldo via no hp: 087700283875 dikirim ke nomor : 085828343538 sebesar : 100000', 1, 100000, '2017-08-14'),
(129, 117, 'rebutan Meminta saldo via no hp: 083837018885 dikirim ke nomor : 085828343538 sebesar : 100000', 1, 100000, '2017-08-14'),
(130, 2, 'demo Meminta saldo via no hp: 803129999999999 dikirim ke nomor : 085828343538 sebesar : 10000', 1, 10000, '2017-08-14'),
(131, 2, 'demo Meminta saldo via no hp: 083129619453 dikirim ke nomor : 085828343538 sebesar : 10000', 1, 10000, '2017-08-14'),
(132, 251, 'XuJiao Meminta saldo via no hp: 083806140602 dikirim ke nomor : 085828343538 sebesar : 10000', 1, 10000, '2017-08-14'),
(133, 2, 'demo Meminta saldo via no hp: 085235127977 dikirim ke nomor : 085828343538 sebesar : 10000', 1, 10000, '2017-08-14'),
(134, 2, 'demo Meminta saldo via no hp: 08988622804 dikirim ke nomor : 085828343538 sebesar : 10000', 1, 10000, '2017-08-15'),
(135, 2, 'demo Meminta saldo via no hp: 082618315371 dikirim ke nomor : 085828343538 sebesar : 200000', 1, 200000, '2017-08-15'),
(136, 2, 'demo Meminta saldo via no hp: 087543212222 dikirim ke nomor : 085828343538 sebesar : 500000', 1, 500000, '2017-08-15'),
(153, 270, 'kholid Meminta saldo via no hp: 085-709-000-000 dikirim ke nomor : 085828343538 sebesar : 5000', 1, 5000, '2017-08-17'),
(138, 117, 'rebutan Meminta saldo via no hp: 089696734824 dikirim ke nomor : 085828343538 sebesar : 10000999999', 1, 2147483647, '2017-08-15'),
(139, 2, 'demo Meminta saldo via no hp: 0848983294823 dikirim ke nomor : 085828343538 sebesar : 500000', 1, 500000, '2017-08-15'),
(140, 167, 'poho Meminta saldo via no hp: 089659684933 dikirim ke nomor : 085828343538 sebesar : 1000000', 1, 1000000, '2017-08-15'),
(157, 225, 'ifhan Meminta saldo via no hp: 089546737883 dikirim ke nomor : 085828343538 sebesar : 500000', 1, 500000, '2017-08-18'),
(143, 261, 'jhon003 Meminta saldo via no hp: 082137593064 dikirim ke nomor : 085828343538 sebesar : 10000', 1, 10000, '2017-08-16'),
(144, 2, 'demo Meminta saldo via no hp: 089673826351 dikirim ke nomor : 085828343538 sebesar : 600000', 1, 600000, '2017-08-16'),
(145, 2, 'demo Meminta saldo via no hp: 087656464445 dikirim ke nomor : 085828343538 sebesar : 500000', 1, 500000, '2017-08-16'),
(146, 266, 'muji Meminta saldo via no hp: 085879472199 dikirim ke nomor : 085828343538 sebesar : 10000', 1, 10000, '2017-08-16'),
(156, 2, 'demo Meminta saldo via no hp: 98767678867 dikirim ke nomor : 085828343538 sebesar : 380000', 1, 380000, '2017-08-18'),
(151, 270, 'kholid Meminta saldo via no hp: 085-709-000-000 dikirim ke nomor : 085828343538 sebesar : 5000', 1, 5000, '2017-08-17'),
(149, 2, 'demo Meminta saldo via no hp: 08842387432848 dikirim ke nomor : 085828343538 sebesar : 500000', 1, 500000, '2017-08-17'),
(161, 175, 'Sigitgamers Meminta saldo via no hp: 085231714535 dikirim ke nomor : 085828343538 sebesar : 10000', 1, 10000, '2017-08-18'),
(162, 2, 'demo Meminta saldo via no hp: 08842387432848 dikirim ke nomor : 085828343538 sebesar : 1000000', 1, 1000000, '2017-08-18'),
(185, 2, 'demo Meminta saldo via no hp: 085221319027 dikirim ke nomor : 085828343538 sebesar : 10000', 1, 10000, '2017-08-20'),
(170, 2, 'demo Meminta saldo via no hp: 085828343538 dikirim ke nomor : 085828343538 sebesar : 10000', 1, 10000, '2017-08-19'),
(184, 2, 'demo Meminta saldo via no hp: 11222122221777 dikirim ke nomor : 085828343538 sebesar : 10000', 1, 10000, '2017-08-20'),
(173, 2, 'demo Meminta saldo via no hp: 085638937526 dikirim ke nomor : 085828343538 sebesar : 10000', 1, 10000, '2017-08-19'),
(201, 2, 'demo Meminta saldo via no hp: 0858274717 dikirim ke nomor : 085828343538 sebesar : 50000', 1, 50000, '2017-08-25'),
(183, 2, 'demo Meminta saldo via no hp: 1828272727272 dikirim ke nomor : 085828343538 sebesar : 10000', 1, 10000, '2017-08-20'),
(191, 2, 'demo Meminta saldo via no hp: 0887789999 dikirim ke nomor : 085828343538 sebesar : 989000', 1, 989000, '2017-08-22'),
(176, 305, 'darkdemonssama Meminta saldo via no hp: 083836447429 dikirim ke nomor : 085828343538 sebesar : 10000', 1, 10000, '2017-08-19'),
(177, 2, 'demo Meminta saldo via no hp: 09876543 dikirim ke nomor : 085828343538 sebesar : 500000', 1, 500000, '2017-08-19'),
(179, 2, 'demo Meminta saldo via no hp: 08526633223323 dikirim ke nomor : 085828343538 sebesar : 10000', 1, 10000, '2017-08-20'),
(180, 2, 'demo Meminta saldo via no hp: 08842387432848 dikirim ke nomor : 085828343538 sebesar : 100000', 1, 100000, '2017-08-20'),
(186, 332, 'Layla Meminta saldo via no hp: 082216668194 dikirim ke nomor : 085828343538 sebesar : 10000', 1, 10000, '2017-08-20'),
(187, 2, 'demo Meminta saldo via no hp: 081377281635/2772836628328 dikirim ke nomor : 085828343538 sebesar : 800000', 1, 800000, '2017-08-21'),
(190, 2, 'demo Meminta saldo via no hp: 085828343538 dikirim ke nomor : 085828343538 sebesar : 10000', 1, 10000, '2017-08-22'),
(197, 2, 'demo Meminta saldo via no hp: 081382998193/70018239929391 dikirim ke nomor : 085828343538 sebesar : 900000', 1, 900000, '2017-08-24'),
(194, 345, 'dandykr Meminta saldo via no hp: 123456789 dikirim ke nomor : 085828343538 sebesar : 20000', 1, 20000, '2017-08-23'),
(195, 345, 'dandykr Meminta saldo via no hp: 12346 dikirim ke nomor : 085828343538 sebesar : 20000', 1, 20000, '2017-08-23'),
(196, 2, 'demo Meminta saldo via no hp: 081283283218 dikirim ke nomor : 085828343538 sebesar : 250000', 1, 250000, '2017-08-23'),
(200, 2, 'demo Meminta saldo via no hp: 081283283218 dikirim ke nomor : 085828343538 sebesar : 10000', 1, 10000, '2017-08-24'),
(199, 352, 'phantom0204 Meminta saldo via no hp: 00966900002588693749 dikirim ke nomor : 085828343538 sebesar : 10000', 1, 10000, '2017-08-24'),
(202, 2, 'demo Meminta saldo via no hp: 085828343538 dikirim ke nomor : 085828343538 sebesar : 10000', 1, 10000, '2017-08-25'),
(203, 2, 'demo Meminta saldo via no hp: 09754264334 dikirim ke nomor : 085828343538 sebesar : 100000', 1, 100000, '2017-08-25'),
(204, 2, 'demo Meminta saldo via no hp: 082345578283 dikirim ke nomor : 085828343538 sebesar : 5000', 1, 5000, '2017-08-25'),
(205, 2, 'demo Meminta saldo via no hp: 085735605412 dikirim ke nomor : 085828343538 sebesar : 10000', 1, 10000, '2017-08-25'),
(206, 2, 'demo Meminta saldo via no hp: 085828343538 dikirim ke nomor : 085828343538 sebesar : 10000', 1, 10000, '2017-08-25'),
(208, 2, 'demo Meminta saldo via no hp: 08842387432848 dikirim ke nomor : 085828343538 sebesar : 500000', 1, 500000, '2017-08-25'),
(212, 2, 'demo Meminta saldo via no hp: 085828343538 dikirim ke nomor : 085828343538 sebesar : 100000', 1, 100000, '2017-08-26'),
(213, 2, 'demo Meminta saldo via no hp: 085828343538 dikirim ke nomor : 085828343538 sebesar : 100000', 1, 100000, '2017-08-26');

-- --------------------------------------------------------

--
-- Struktur dari tabel `server`
--

CREATE TABLE IF NOT EXISTS `server` (
  `Id` int(11) NOT NULL AUTO_INCREMENT,
  `HostName` varchar(23) DEFAULT NULL,
  `RootPasswd` varchar(25) NOT NULL,
  `MaxUser` int(11) NOT NULL DEFAULT '50',
  `Expired` int(11) NOT NULL DEFAULT '7',
  `ServerName` varchar(20) DEFAULT NULL,
  `Location` varchar(20) DEFAULT NULL,
  `OpenSSH` varchar(20) NOT NULL DEFAULT '22',
  `Dropbear` varchar(20) NOT NULL DEFAULT '443',
  `Price` int(10) DEFAULT '10000',
  `Status` int(11) NOT NULL DEFAULT '1',
  PRIMARY KEY (`Id`)
) ENGINE=MyISAM  DEFAULT CHARSET=latin1 AUTO_INCREMENT=13 ;

--
-- Dumping data untuk tabel `server`
--

INSERT INTO `server` (`Id`, `HostName`, `RootPasswd`, `MaxUser`, `Expired`, `ServerName`, `Location`, `OpenSSH`, `Dropbear`, `Price`, `Status`) VALUES
(1, '128.199.228.135', 'google_aguu', 50, 30, 'SGDO Server 1', 'Singapore', '22', '443, 143, 80', 5000, 1),
(2, '128.199.194.42', 'google_aguu', 50, 30, 'SGDO Server 2', 'Singapore', '22', '443, 143, 80', 5000, 1),
(3, '139.59.231.172', 'google_aguu', 50, 30, 'SGDO Server 3', 'Singapore', '22', '443, 143, 80', 5000, 1),
(4, '128.199.95.85', 'google_aguu', 50, 30, 'SDGO Server 4', 'Singapore', '22', '443, 143, 80', 5000, 1),
(5, '192.241.150.46', 'google_aguu', 50, 30, 'USA NY Server 1', 'NY-USA', '22', '443, 143, 80', 5000, 1),
(6, '162.243.130.244', 'google_aguu', 50, 30, 'USA SF Server 1', 'SF-USA', '22', '443, 143, 80', 5000, 1),
(7, '188.166.199.7', 'google_aguu', 50, 15, 'SDGO 1', 'Singapore', '22', '443, 143, 80', 2500, 1),
(8, '139.59.220.191', 'google_aguu', 50, 15, 'SDGO 2', 'Singapore', '22', '443, 143, 80', 2500, 1),
(9, '138.197.229.120', 'google_aguu', 50, 3, 'USA NY 1', 'NY-USA', '22', '443, 143, 80', 0, 1),
(10, '139.59.223.24', 'google_aguu', 50, 3, 'SGDO1 DEMO 3 days', 'Singapore', '22', '443, 143, 80', 0, 1),
(11, '139.59.223.9', 'google_aguu', 50, 3, 'SGDO2 DEMO 3 days', 'Singapore', '22', '443, 143, 80', 0, 1),
(12, '139.59.109.224', 'google_aguu', 50, 30, 'SGDO 1 GB RAM', 'Singapore', '22', '80, 144, 443', 10000, 0);

-- --------------------------------------------------------

--
-- Struktur dari tabel `sshuser`
--

CREATE TABLE IF NOT EXISTS `sshuser` (
  `id` int(11) NOT NULL AUTO_INCREMENT,
  `username` varchar(50) NOT NULL,
  `hostname` varchar(20) NOT NULL,
  `created_by` varchar(20) NOT NULL,
  `created_at` date NOT NULL,
  `expired_at` int(11) NOT NULL DEFAULT '30',
  `serverid` int(11) NOT NULL,
  `price` int(11) DEFAULT NULL,
  PRIMARY KEY (`id`)
) ENGINE=MyISAM  DEFAULT CHARSET=latin1 AUTO_INCREMENT=1547 ;

--
-- Dumping data untuk tabel `sshuser`
--

INSERT INTO `sshuser` (`id`, `username`, `hostname`, `created_by`, `created_at`, `expired_at`, `serverid`, `price`) VALUES
(963, 'tria123', '188.166.199.7', 'rebutan', '2017-08-22', 3, 7, 0),
(908, 'nnyoba', '139.59.223.24', 'Nemo', '2017-08-22', 3, 10, 0),
(914, 'wekaw', '188.166.199.7', 'rebutan', '2017-08-22', 3, 7, 0),
(1216, 'gratislor', '188.166.199.7', 'akuma169', '2017-08-24', 3, 7, 0),
(1195, 'nurkamila', '188.166.199.7', 'irwansyah77', '2017-08-24', 3, 7, 0),
(1191, 'alwafi', '188.166.199.7', 'irwansyah77', '2017-08-24', 3, 7, 0),
(1182, 'lalidoso', '139.59.220.191', 'lalidoso', '2017-08-23', 3, 8, 0),
(1181, 'lalidoso', '188.166.199.7', 'lalidoso', '2017-08-23', 3, 7, 0),
(1176, 'Sarayut33', '139.59.220.191', 'Sarayut33', '2017-08-23', 3, 8, 0),
(948, 'rangga', '188.166.199.7', 'rangga', '2017-08-22', 3, 7, 0),
(248, 'taufiq83', '128.199.194.42', 'admin', '2017-08-18', 30, 2, 5000),
(254, 'devoaja', '128.199.228.135', 'admin', '2017-08-18', 30, 1, 5000),
(256, 'aisyah', '128.199.228.135', 'admin', '2017-08-18', 30, 1, 5000),
(260, 'devoaja', '128.199.228.135', 'admin', '2017-08-18', 30, 1, 5000),
(261, 'aisyah', '128.199.228.135', 'admin', '2017-08-18', 30, 1, 5000),
(262, 'kotim2', '188.166.199.7', 'admin', '2017-08-18', 3, 7, 0),
(276, 'hutri72', '139.59.220.191', 'admin', '2017-08-18', 3, 8, 0),
(1152, 'Fadel', '139.59.223.24', 'Fadel', '2017-08-23', 3, 10, 0),
(1151, 'free-26agustus', '188.166.199.7', 'fazari', '2017-08-23', 3, 7, 0),
(1145, 'bilal', '128.199.194.42', 'dandykr', '2017-08-23', 30, 2, 5000),
(1144, 'dedec', '128.199.228.135', 'dandykr', '2017-08-23', 30, 1, 5000),
(309, 'trial72', '188.166.199.7', 'admin', '2017-08-19', 3, 7, 0),
(1142, 'nurullmaulida', '139.59.223.9', 'fesajabrik', '2017-08-23', 3, 11, 0),
(313, 'ibuku', '139.59.231.172', 'admin', '2017-08-19', 30, 3, 5000),
(314, 'arif365', '128.199.228.135', 'admin', '2017-08-19', 30, 1, 5000),
(1535, 'mioverss', '139.59.231.172', 'demo', '2017-08-26', 30, 3, 5000),
(1536, 'demoh', '139.59.223.24', 'apps13', '2017-08-26', 3, 10, 0),
(1537, 'zulfiya', '188.166.199.7', 'demo', '2017-08-26', 15, 7, 2500),
(1538, 'khoirul', '128.199.228.135', 'demo', '2017-08-26', 30, 1, 5000),
(1539, 'alaysia', '128.199.95.85', 'demo', '2017-08-26', 30, 4, 5000),
(1540, 'daffa', '128.199.95.85', 'demo', '2017-08-26', 30, 4, 5000),
(1541, 'hajar', '138.197.229.120', 'apps13', '2017-08-26', 3, 9, 0),
(1542, 'yudhi', '128.199.194.42', 'demo', '2017-08-26', 30, 2, 5000),
(1543, 'putra09', '128.199.228.135', 'demo', '2017-08-26', 30, 1, 5000),
(1544, 'aiu123', '128.199.228.135', 'demo', '2017-08-26', 30, 1, 5000),
(1545, 'putra09', '128.199.228.135', 'demo', '2017-08-26', 30, 1, 5000),
(1546, 'putra09', '128.199.228.135', 'demo', '2017-08-26', 30, 1, 5000),
(1532, 'niman', '128.199.228.135', 'demo', '2017-08-26', 30, 1, 5000),
(1534, 'mioverss', '128.199.194.42', 'demo', '2017-08-26', 30, 2, 5000),
(1533, 'mioverss', '128.199.228.135', 'demo', '2017-08-26', 30, 1, 5000),
(1531, 'alleys', '128.199.228.135', 'demo', '2017-08-26', 30, 1, 5000),
(1530, 'cundoi', '128.199.228.135', 'demo', '2017-08-26', 30, 1, 5000),
(1529, 'onatt', '128.199.228.135', 'demo', '2017-08-26', 30, 1, 5000),
(1511, 'Dhani', '139.59.223.24', 'Dhani2510', '2017-08-26', 3, 10, 0),
(1512, 'merdeka', '128.199.228.135', 'demo', '2017-08-26', 30, 1, 5000),
(1513, 'junior', '139.59.231.172', 'demo', '2017-08-26', 30, 3, 5000),
(1514, 'amatir', '192.241.150.46', 'demo', '2017-08-26', 30, 5, 5000),
(1515, 'cahjos', '192.241.150.46', 'demo', '2017-08-26', 30, 5, 5000),
(1516, 'kondom', '188.166.199.7', 'demo', '2017-08-26', 15, 7, 2500),
(1517, 'curut', '192.241.150.46', 'demo', '2017-08-26', 30, 5, 5000),
(1518, 'malam5', '128.199.228.135', 'demo', '2017-08-26', 30, 1, 5000),
(1519, 'gratis', '139.59.223.24', 'demo', '2017-08-26', 3, 10, 0),
(1520, 'dggcc', '139.59.220.191', 'demo', '2017-08-26', 15, 8, 2500),
(1328, 'panteq', '139.59.223.24', 'demo', '2017-08-25', 3, 10, 0),
(1329, 'adiyk', '139.59.223.24', 'demo', '2017-08-25', 3, 10, 0),
(1330, 'Prundul', '139.59.223.24', 'demo', '2017-08-25', 3, 10, 0),
(1331, 'nakusha', '139.59.223.24', 'demo', '2017-08-25', 3, 10, 0),
(1332, 'febrian', '139.59.223.9', 'demo', '2017-08-25', 3, 11, 0),
(1333, 'baaruu', '139.59.223.24', 'demo', '2017-08-25', 3, 10, 0),
(1334, 'baaruu', '139.59.223.9', 'demo', '2017-08-25', 3, 11, 0),
(1335, 'faisalabduh', '139.59.223.24', 'demo', '2017-08-25', 3, 10, 0),
(1336, 'kanelop', '192.241.150.46', 'demo', '2017-08-25', 30, 5, 5000),
(1337, 'lontong', '162.243.130.244', 'demo', '2017-08-25', 30, 6, 5000),
(1338, 'istimewa', '139.59.109.224', 'demo', '2017-08-25', 30, 12, 10000),
(1339, 'bagusss', '139.59.109.224', 'demo', '2017-08-25', 30, 12, 10000),
(1340, 'dendy', '139.59.109.224', 'demo', '2017-08-25', 30, 12, 10000),
(1341, 'fikrul1', '128.199.228.135', 'demo', '2017-08-25', 30, 1, 5000),
(1342, 'fikrul', '139.59.109.224', 'demo', '2017-08-25', 30, 12, 10000),
(1343, 'maulana', '139.59.109.224', 'demo', '2017-08-25', 30, 12, 10000),
(1344, 'haikal', '139.59.109.224', 'demo', '2017-08-25', 30, 12, 10000),
(1345, 'go123', '128.199.228.135', 'demo', '2017-08-25', 30, 1, 5000),
(1346, 'thanks', '128.199.228.135', 'demo', '2017-08-25', 30, 1, 5000),
(1347, 'for123', '128.199.228.135', 'demo', '2017-08-25', 30, 1, 5000),
(1348, 'you126', '128.199.228.135', 'demo', '2017-08-25', 30, 1, 5000),
(1349, 'zeebhaha', '128.199.228.135', 'demo', '2017-08-25', 30, 1, 5000),
(1350, 'ggmu12345', '138.197.229.120', 'demo', '2017-08-25', 3, 9, 0),
(1351, 'cocoba', '139.59.223.24', 'demo', '2017-08-25', 3, 10, 0),
(1352, 'andika', '139.59.223.24', 'demo', '2017-08-25', 3, 10, 0),
(1353, 'indon', '139.59.223.9', 'demo', '2017-08-25', 3, 11, 0),
(1354, 'yedid', '139.59.223.24', 'demo', '2017-08-25', 3, 10, 0),
(1355, 'joko321', '138.197.229.120', 'demo', '2017-08-25', 3, 9, 0),
(1356, 'koplo123', '138.197.229.120', 'demo', '2017-08-25', 3, 9, 0),
(1357, 'pepek', '139.59.223.24', 'demo', '2017-08-25', 3, 10, 0),
(1358, 'kontolkuda', '139.59.223.24', 'demo', '2017-08-25', 3, 10, 0),
(1087, 'wekaw', '139.59.220.191', 'cuek', '2017-08-23', 3, 8, 0),
(1527, 'mboohh', '128.199.194.42', 'demo', '2017-08-26', 30, 2, 5000),
(1528, 'co.id', '128.199.228.135', 'demo', '2017-08-26', 30, 1, 5000),
(1525, 'eyottku', '128.199.95.85', 'demo', '2017-08-26', 30, 4, 5000),
(1526, 'dendy', '139.59.220.191', 'demo', '2017-08-26', 15, 8, 2500),
(1524, 'aaaaa', '128.199.95.85', 'demo', '2017-08-26', 30, 4, 5000),
(1523, 'gagaga', '139.59.231.172', 'demo', '2017-08-26', 30, 3, 5000),
(1522, 'bolonyon', '139.59.231.172', 'demo', '2017-08-26', 30, 3, 5000),
(1521, 'babab', '128.199.194.42', 'demo', '2017-08-26', 30, 2, 5000),
(1507, 'adelmn', '139.59.223.24', 'fesajabrik', '2017-08-26', 3, 10, 0),
(1508, 'a9296691', '139.59.223.9', 'demo', '2017-08-26', 3, 11, 0),
(1509, 'akbar', '139.59.223.24', 'fuadalfian', '2017-08-26', 3, 10, 0),
(1510, 'adesta12', '139.59.223.24', 'adesta', '2017-08-26', 3, 10, 0),
(1506, 'ramaa', '139.59.223.9', 'demo', '2017-08-26', 3, 11, 0),
(1505, 'adesta12', '139.59.223.24', 'adesta', '2017-08-26', 3, 10, 0),
(1504, 'guruh', '139.59.223.24', 'demo', '2017-08-26', 3, 10, 0),
(1503, 'a9296691', '139.59.223.9', 'demo', '2017-08-26', 3, 11, 0),
(1497, 'dandik', '139.59.223.9', 'demo', '2017-08-26', 3, 11, 0),
(1498, 'yulianto', '139.59.223.9', 'fesajabrik', '2017-08-26', 3, 11, 0),
(1499, 'dafamuda', '138.197.229.120', 'demo', '2017-08-26', 3, 9, 0),
(1500, 'acan1', '139.59.223.9', 'demo', '2017-08-26', 3, 11, 0),
(1501, 'di2n01', '128.199.194.42', 'phantom0204', '2017-08-26', 30, 2, 5000),
(1502, 'igun12', '139.59.223.24', 'demo', '2017-08-26', 3, 10, 0),
(1496, 'fuadalfi', '139.59.223.24', 'demo', '2017-08-26', 3, 10, 0),
(1494, 'rokrs', '139.59.223.9', 'demo', '2017-08-26', 3, 11, 0),
(1495, 'rokrs', '139.59.223.24', 'demo', '2017-08-26', 3, 10, 0),
(1493, 'juice', '139.59.223.9', 'demo', '2017-08-26', 3, 11, 0),
(1492, 'fuadalfi', '139.59.223.24', 'demo', '2017-08-26', 3, 10, 0),
(1491, 'temon', '139.59.223.9', 'demo', '2017-08-26', 3, 11, 0),
(1489, 'Kuplee', '138.197.229.120', 'demo', '2017-08-26', 3, 9, 0),
(1490, 'userku', '139.59.223.9', 'demo', '2017-08-26', 3, 11, 0),
(1488, 'andy684', '139.59.223.24', 'demo', '2017-08-26', 3, 10, 0),
(1487, 'yantisemok', '139.59.223.24', 'demo', '2017-08-26', 3, 10, 0),
(1486, 'agan123', '139.59.223.24', 'demo', '2017-08-26', 3, 10, 0),
(1484, 'vigitpamungkas', '139.59.223.9', 'demo', '2017-08-26', 3, 11, 0),
(1485, 'jack49', '139.59.223.9', 'demo', '2017-08-26', 3, 11, 0),
(1482, 'Konpuk', '139.59.223.9', 'demo', '2017-08-26', 3, 11, 0),
(1483, 'prayoga1', '139.59.223.24', 'demo', '2017-08-26', 3, 10, 0),
(1480, 'vigitpamungkas', '139.59.223.9', 'demo', '2017-08-26', 3, 11, 0),
(1481, 'Yayik21', '138.197.229.120', 'demo', '2017-08-26', 3, 9, 0),
(1479, 'xmal01', '139.59.223.24', 'demo', '2017-08-26', 3, 10, 0),
(1477, 'lapar', '139.59.223.24', 'demo', '2017-08-26', 3, 10, 0),
(1478, 'merdeka', '139.59.223.24', 'demo', '2017-08-26', 3, 10, 0),
(1475, 'trial', '139.59.223.24', 'demo', '2017-08-26', 3, 10, 0),
(1476, 'note5', '139.59.223.24', 'demo', '2017-08-26', 3, 10, 0),
(1474, 'juardi', '138.197.229.120', 'demo', '2017-08-26', 3, 9, 0),
(1473, 'noooob', '139.59.223.9', 'demo', '2017-08-26', 3, 11, 0),
(1472, 'rhenditampan', '139.59.223.24', 'demo', '2017-08-26', 3, 10, 0),
(1471, 'fikri', '139.59.223.24', 'unuss', '2017-08-26', 3, 10, 0),
(1470, 'gratis', '138.197.229.120', 'demo', '2017-08-26', 3, 9, 0),
(1469, 'mmmmu', '138.197.229.120', 'fesajabrik', '2017-08-26', 3, 9, 0),
(1468, 'hehehe', '139.59.223.9', 'demo', '2017-08-26', 3, 11, 0),
(1467, 'limaa', '138.197.229.120', 'unuss', '2017-08-26', 3, 9, 0),
(1465, 'atekk', '138.197.229.120', 'unuss', '2017-08-26', 3, 9, 0),
(1466, 'atekk', '138.197.229.120', 'unuss', '2017-08-26', 3, 9, 0),
(1464, 'sgdo2d', '139.59.223.9', 'demo', '2017-08-26', 3, 11, 0),
(1462, 'batangpane', '139.59.223.9', 'demo', '2017-08-26', 3, 11, 0),
(1463, 'batangpane', '139.59.223.9', 'demo', '2017-08-26', 3, 11, 0),
(1461, 'stephan', '139.59.223.24', 'fesajabrik', '2017-08-26', 3, 10, 0),
(1459, 'zakky', '139.59.109.224', 'rizky', '2017-08-26', 30, 12, 10000),
(1460, 'ahyar', '139.59.223.24', 'fesajabrik', '2017-08-26', 3, 10, 0),
(1458, 'karomah', '139.59.223.9', 'demo', '2017-08-26', 3, 11, 0),
(1457, 'testing', '139.59.223.9', 'demo', '2017-08-26', 3, 11, 0),
(1456, 'mantap', '139.59.223.24', 'demo', '2017-08-26', 3, 10, 0),
(1455, 'faris', '139.59.223.24', 'demo', '2017-08-25', 3, 10, 0),
(1454, 'khoiri5', '139.59.223.9', 'demo', '2017-08-25', 3, 11, 0),
(1453, 'fajar', '139.59.223.24', 'demo', '2017-08-25', 3, 10, 0),
(1452, 'demo1', '139.59.223.24', 'demo', '2017-08-25', 3, 10, 0),
(1451, 'leozz', '139.59.223.24', 'demo', '2017-08-25', 3, 10, 0),
(1449, 'egi123', '139.59.223.9', 'demo', '2017-08-25', 3, 11, 0),
(1450, 'Sougo', '139.59.223.24', 'demo', '2017-08-25', 3, 10, 0),
(1448, 'nyangang', '139.59.223.24', 'demo', '2017-08-25', 3, 10, 0),
(517, 'restu12', '139.59.231.172', 'admin', '2017-08-20', 30, 3, 5000),
(1447, 'mput1', '139.59.223.9', 'demo', '2017-08-25', 3, 11, 0),
(519, 'taufiq83', '128.199.228.135', 'admin', '2017-08-20', 30, 1, 5000),
(520, 'devoaja', '128.199.228.135', 'admin', '2017-08-20', 30, 1, 5000),
(521, 'aisyah', '128.199.228.135', 'admin', '2017-08-20', 30, 1, 5000),
(522, 'arif365', '128.199.228.135', 'admin', '2017-08-20', 30, 1, 5000),
(523, 'hut72ri', '128.199.228.135', 'admin', '2017-08-20', 30, 1, 5000),
(1446, 'arul89', '139.59.223.9', 'demo', '2017-08-25', 3, 11, 0),
(525, 'sauufi', '128.199.228.135', 'admin', '2017-08-20', 30, 1, 5000),
(1445, 'vinsmoke', '128.199.228.135', 'demo', '2017-08-25', 30, 1, 5000),
(527, 'sauufi', '128.199.194.42', 'admin', '2017-08-20', 30, 2, 5000),
(528, 'sauufi', '139.59.231.172', 'admin', '2017-08-20', 30, 3, 5000),
(530, 'sauufi', '128.199.95.85', 'admin', '2017-08-20', 30, 4, 5000),
(1444, 'premi4', '139.59.109.224', 'demo', '2017-08-25', 30, 12, 10000),
(1031, 'lalidoso', '188.166.199.7', 'lalidoso', '2017-08-23', 3, 7, 0),
(1030, 'penchenk', '139.59.109.224', 'admin', '2017-08-23', 7, 12, 1000000),
(1443, 'febrian16', '128.199.228.135', 'demo', '2017-08-25', 30, 1, 5000),
(1028, 'jembut', '139.59.220.191', 'autobreakz', '2017-08-23', 3, 8, 0),
(1440, 'yantoking', '139.59.223.24', 'rebutan', '2017-08-25', 3, 10, 0),
(1441, 'biji98', '128.199.228.135', 'demo', '2017-08-25', 30, 1, 5000),
(1442, 'dechi', '128.199.228.135', 'demo', '2017-08-25', 30, 1, 5000),
(1439, 'zawminko', '139.59.109.224', 'demo', '2017-08-25', 30, 12, 10000),
(1438, 'aungko', '139.59.220.191', 'demo', '2017-08-25', 15, 8, 2500),
(1024, 'fesajabrik', '139.59.223.24', 'fesajabrik', '2017-08-22', 3, 10, 0),
(1437, 'minayn', '139.59.231.172', 'demo', '2017-08-25', 30, 3, 5000),
(1436, 'zaews', '128.199.194.42', 'demo', '2017-08-25', 30, 2, 5000),
(552, 'sgdo1', '139.59.223.24', 'demam', '2017-08-20', 3, 10, 0),
(553, 'sgdo2', '139.59.223.9', 'demam', '2017-08-20', 3, 11, 0),
(1435, 'klikiklan', '139.59.109.224', 'demo', '2017-08-25', 30, 12, 10000),
(1434, 'nyaii', '128.199.228.135', 'demo', '2017-08-25', 30, 1, 5000),
(1433, 'antoo', '128.199.228.135', 'demo', '2017-08-25', 30, 1, 5000),
(1429, 'monggombah', '128.199.228.135', 'demo', '2017-08-25', 30, 1, 5000),
(1430, 'ujang', '128.199.228.135', 'demo', '2017-08-25', 30, 1, 5000),
(1431, 'monir', '139.59.220.191', 'demo', '2017-08-25', 15, 8, 2500),
(1432, 'adit_fers', '139.59.109.224', 'demo', '2017-08-25', 30, 12, 10000),
(1428, 'khoirul', '128.199.194.42', 'demo', '2017-08-25', 30, 2, 5000),
(565, 'trial72', '128.199.194.42', 'admin', '2017-08-20', 30, 2, 5000),
(1427, 'sshku', '139.59.109.224', 'demo', '2017-08-25', 30, 12, 10000),
(1426, 'kambing', '139.59.109.224', 'demo', '2017-08-25', 30, 12, 10000),
(1425, 'nikita', '139.59.109.224', 'demo', '2017-08-25', 30, 12, 10000),
(1424, 'sachiko89', '139.59.109.224', 'demo', '2017-08-25', 30, 12, 10000),
(1423, 'sgdo1d', '139.59.223.24', 'demo', '2017-08-25', 3, 10, 0),
(1422, 'testing1', '139.59.223.9', 'andrian99', '2017-08-25', 3, 11, 0),
(1421, 'powpow', '139.59.231.172', 'demo', '2017-08-25', 30, 3, 5000),
(1420, 'poelroel', '128.199.194.42', 'demo', '2017-08-25', 30, 2, 5000),
(1419, 'drock', '139.59.109.224', 'demo', '2017-08-25', 30, 12, 10000),
(579, 'bacot', '139.59.223.9', 'Bocuk', '2017-08-20', 3, 11, 0),
(580, 'vocah', '188.166.199.7', 'Bocuk', '2017-08-20', 3, 7, 0),
(1417, 'riki12', '139.59.109.224', 'demo', '2017-08-25', 30, 12, 10000),
(1418, 'aryadi', '139.59.109.224', 'demo', '2017-08-25', 30, 12, 10000),
(1416, 'putra1234', '128.199.194.42', 'demo', '2017-08-25', 30, 2, 5000),
(1415, 'garnis', '139.59.109.224', 'demo', '2017-08-25', 30, 12, 10000),
(1414, 'uhuy1', '128.199.228.135', 'demo', '2017-08-25', 30, 1, 5000),
(1412, 'seketteki', '139.59.109.224', 'demo', '2017-08-25', 30, 12, 10000),
(1413, 'acan2', '128.199.95.85', 'demo', '2017-08-25', 30, 4, 5000),
(1410, 'asef2', '128.199.194.42', 'demo', '2017-08-25', 30, 2, 5000),
(1411, 'aswer', '139.59.231.172', 'demo', '2017-08-25', 30, 3, 5000),
(1409, 'garda', '139.59.109.224', 'demo', '2017-08-25', 30, 12, 10000),
(1408, 'maafok99', '128.199.95.85', 'demo', '2017-08-25', 30, 4, 5000),
(1406, 'aaaaaaaaa', '139.59.109.224', 'demo', '2017-08-25', 30, 12, 10000),
(1407, 'maafok', '128.199.95.85', 'demo', '2017-08-25', 30, 4, 5000),
(1405, 'trial231', '128.199.95.85', 'admin', '2017-08-25', 30, 4, 5000),
(1404, 'acoko87989t', '128.199.95.85', 'demo', '2017-08-25', 30, 4, 5000),
(1403, 'kikiae', '139.59.109.224', 'demo', '2017-08-25', 30, 12, 10000),
(1402, 'acoko87989', '128.199.95.85', 'demo', '2017-08-25', 30, 4, 5000),
(604, 'ramafadilahlagie', '139.59.220.191', 'fesajabrik', '2017-08-20', 3, 8, 0),
(605, 'maksudnya', '139.59.220.191', 'fesajabrik', '2017-08-20', 3, 8, 0),
(606, 'danker01', '188.166.199.7', 'fesajabrik', '2017-08-20', 3, 7, 0),
(1401, 'super', '139.59.109.224', 'demo', '2017-08-25', 30, 12, 10000),
(609, 'layla', '139.59.223.9', 'Layla', '2017-08-20', 3, 11, 0),
(610, 'layla', '139.59.223.9', 'Layla', '2017-08-20', 3, 11, 0),
(1400, 'acoko8798', '128.199.95.85', 'demo', '2017-08-25', 30, 4, 5000),
(1399, 'acoko8798', '128.199.95.85', 'demo', '2017-08-25', 30, 4, 5000),
(1398, 'telass', '139.59.109.224', 'demo', '2017-08-25', 30, 12, 10000),
(1397, 'agustinus', '139.59.109.224', 'demo', '2017-08-25', 30, 12, 10000),
(1396, 'acoko879', '128.199.95.85', 'demo', '2017-08-25', 30, 4, 5000),
(1395, 'acoko87', '128.199.95.85', 'demo', '2017-08-25', 30, 4, 5000),
(1391, 'garuda', '128.199.95.85', 'demo', '2017-08-25', 30, 4, 5000),
(1392, 'areku', '128.199.95.85', 'demo', '2017-08-25', 30, 4, 5000),
(1393, 'acoko', '128.199.95.85', 'demo', '2017-08-25', 30, 4, 5000),
(1394, 'acoko8', '128.199.95.85', 'demo', '2017-08-25', 30, 4, 5000),
(1390, 'habib', '128.199.194.42', 'demo', '2017-08-25', 30, 2, 5000),
(1388, 'wahyu', '128.199.194.42', 'demo', '2017-08-25', 30, 2, 5000),
(1389, 'mie el-movic', '128.199.228.135', 'demo', '2017-08-25', 30, 1, 5000),
(1387, 'mie el-movic', '128.199.194.42', 'demo', '2017-08-25', 30, 2, 5000),
(1383, 'mie el-movic', '128.199.228.135', 'demo', '2017-08-25', 30, 1, 5000),
(1384, 'dance', '128.199.95.85', 'demo', '2017-08-25', 30, 4, 5000),
(1385, 'mie el-movic', '128.199.228.135', 'demo', '2017-08-25', 30, 1, 5000),
(1386, 'asere', '128.199.95.85', 'demo', '2017-08-25', 30, 4, 5000),
(1382, 'ayomas', '128.199.95.85', 'demo', '2017-08-25', 30, 4, 5000),
(1381, 'mie el-movic', '128.199.228.135', 'demo', '2017-08-25', 30, 1, 5000),
(1380, 'leoarbon', '128.199.228.135', 'demo', '2017-08-25', 30, 1, 5000),
(1379, 'mie el-movic', '139.59.109.224', 'demo', '2017-08-25', 30, 12, 10000),
(1378, 'mie el-movic', '139.59.109.224', 'demo', '2017-08-25', 30, 12, 10000),
(1377, 'mie el-movic', '139.59.109.224', 'demo', '2017-08-25', 30, 12, 10000),
(1376, 'mie el-movic', '139.59.109.224', 'demo', '2017-08-25', 30, 12, 10000),
(1375, 'arema', '139.59.109.224', 'demo', '2017-08-25', 30, 12, 10000),
(1374, 'spesial', '139.59.109.224', 'demo', '2017-08-25', 30, 12, 10000),
(1372, 'oktor', '139.59.231.172', 'demo', '2017-08-25', 30, 3, 5000),
(1373, 'zerossh', '139.59.109.224', 'demo', '2017-08-25', 30, 12, 10000),
(1371, 'cincin', '139.59.231.172', 'demo', '2017-08-25', 30, 3, 5000),
(1370, '3456678899000', '128.199.228.135', 'demo', '2017-08-25', 30, 1, 5000),
(1369, 'Galuh', '139.59.109.224', 'demo', '2017-08-25', 30, 12, 10000),
(1368, 'mhs45', '128.199.228.135', 'demo', '2017-08-25', 30, 1, 5000),
(1367, 'rizqi', '128.199.228.135', 'demo', '2017-08-25', 30, 1, 5000),
(1366, 'rizqi', '128.199.228.135', 'demo', '2017-08-25', 30, 1, 5000),
(1365, 'rizqi', '128.199.228.135', 'demo', '2017-08-25', 30, 1, 5000),
(1364, 'antok', '139.59.109.224', 'demo', '2017-08-25', 30, 12, 10000),
(673, 'dalimus', '139.59.223.9', 'fesajabrik', '2017-08-21', 3, 11, 0),
(1363, 'novam', '139.59.109.224', 'demo', '2017-08-25', 30, 12, 10000),
(675, 'wahyudi', '139.59.223.24', 'fesajabrik', '2017-08-21', 3, 10, 0),
(1361, 'danihzx', '139.59.223.24', 'demo', '2017-08-25', 3, 10, 0),
(677, 'wahyudi', '139.59.223.24', 'fesajabrik', '2017-08-21', 3, 10, 0),
(678, 'amank', '139.59.223.24', 'fesajabrik', '2017-08-21', 3, 10, 0),
(1362, 'demo01', '128.199.228.135', 'demo', '2017-08-25', 30, 1, 5000),
(1360, 'mikuu45', '139.59.109.224', 'demo', '2017-08-25', 30, 12, 10000),
(682, 'lalidoso', '188.166.199.7', 'lalidoso', '2017-08-21', 3, 7, 0),
(1359, 'pepekmiabi', '139.59.223.9', 'demo', '2017-08-25', 3, 11, 0),
(685, 'alwafi', '188.166.199.7', 'irwansyah77', '2017-08-21', 3, 7, 0),
(1327, 'jumataan', '139.59.223.9', 'demo', '2017-08-25', 3, 11, 0),
(1325, 'mikuu', '139.59.223.24', 'demo', '2017-08-25', 3, 10, 0),
(1326, 'anjay', '139.59.223.24', 'demo', '2017-08-25', 3, 10, 0),
(689, 'demo99', '139.59.223.9', 'Sigitgamers', '2017-08-21', 3, 11, 0),
(690, 'imamk', '139.59.220.191', 'majesta93', '2017-08-21', 3, 8, 0),
(691, 'idamk', '139.59.220.191', 'majesta93', '2017-08-21', 3, 8, 0),
(1323, 'sengak', '139.59.223.24', 'demo', '2017-08-25', 3, 10, 0),
(693, 'idamk', '139.59.220.191', 'majesta93', '2017-08-21', 3, 8, 0),
(694, 'fakry', '139.59.220.191', 'majesta93', '2017-08-21', 3, 8, 0),
(1324, 'zulfa', '139.59.223.24', 'demo', '2017-08-25', 3, 10, 0),
(824, 'nnemi', '139.59.220.191', 'Nemo', '2017-08-21', 3, 8, 0),
(1322, 'dhafin', '139.59.220.191', 'admin', '2017-08-25', 15, 8, 2500),
(822, 'nenoa', '188.166.199.7', 'Nemo', '2017-08-21', 3, 7, 0),
(1320, 'awangzou', '139.59.223.24', 'demo', '2017-08-25', 3, 10, 0),
(701, 'fakry', '139.59.220.191', 'majesta93', '2017-08-21', 3, 8, 0),
(702, 'tester001', '139.59.220.191', 'majesta93', '2017-08-21', 3, 8, 0),
(703, 'tester001', '139.59.220.191', 'majesta93', '2017-08-21', 3, 8, 0),
(704, 'tester001', '139.59.220.191', 'majesta93', '2017-08-21', 3, 8, 0),
(705, 'tester001', '139.59.220.191', 'majesta93', '2017-08-21', 3, 8, 0),
(706, 'tester001', '139.59.220.191', 'majesta93', '2017-08-21', 3, 8, 0),
(1321, 'awangzou1', '139.59.223.9', 'awangzou', '2017-08-25', 3, 11, 0),
(709, 'lillahiwantara', '139.59.220.191', 'majesta93', '2017-08-21', 3, 8, 0),
(710, 'khairan', '139.59.220.191', 'majesta93', '2017-08-21', 3, 8, 0),
(1318, 'ibnuq', '139.59.223.24', 'demo', '2017-08-25', 3, 10, 0),
(1319, 'gratisan', '139.59.223.9', 'demo', '2017-08-25', 3, 11, 0),
(1317, 'wahyudi', '139.59.109.224', 'demo', '2017-08-25', 30, 12, 10000),
(1316, 'wahyudi', '139.59.109.224', 'demo', '2017-08-25', 30, 12, 10000),
(1315, 'wahyudi', '139.59.109.224', 'demo', '2017-08-25', 30, 12, 10000),
(1314, 'myomin', '128.199.228.135', 'demo', '2017-08-25', 30, 1, 5000),
(1313, 'fahrurrozi', '139.59.109.224', 'demo', '2017-08-25', 30, 12, 10000),
(1312, 'qwerty12345678', '192.241.150.46', 'demo', '2017-08-25', 30, 5, 5000),
(1311, 'adserw', '128.199.228.135', 'demo', '2017-08-25', 30, 1, 5000),
(1309, 'twocool', '139.59.109.224', 'demo', '2017-08-25', 30, 12, 10000),
(1310, 'saepul', '139.59.109.224', 'demo', '2017-08-25', 30, 12, 10000),
(728, 'fathi', '138.197.229.120', 'fathi', '2017-08-21', 3, 9, 0),
(1308, 'egiazulgrana', '128.199.194.42', 'demo', '2017-08-25', 30, 2, 5000),
(1307, 'faisalblog', '139.59.109.224', 'demo', '2017-08-25', 30, 12, 10000),
(1306, 'demoo', '128.199.228.135', 'demo', '2017-08-25', 30, 1, 5000),
(1305, 'asdssdd', '139.59.109.224', 'demo', '2017-08-25', 30, 12, 10000),
(1304, 'dhani', '128.199.194.42', 'demo', '2017-08-25', 30, 2, 5000),
(1303, 'aaa111', '139.59.223.9', 'demo', '2017-08-24', 3, 11, 0),
(1302, 'rizkyp', '139.59.109.224', 'rizky', '2017-08-24', 30, 12, 10000),
(1301, 'sarwe', '128.199.95.85', 'demo', '2017-08-24', 30, 4, 5000),
(1300, 'samsung', '128.199.228.135', 'demo', '2017-08-24', 30, 1, 5000),
(1299, 'Sarayut33', '139.59.223.24', 'Sarayut33', '2017-08-24', 3, 10, 0),
(1298, 'kalijati', '139.59.223.24', 'suhaya', '2017-08-24', 3, 10, 0),
(1297, 'Sarayut33', '139.59.223.24', 'Sarayut33', '2017-08-24', 3, 10, 0),
(1296, 'sgdodemo', '139.59.223.9', 'demo', '2017-08-24', 3, 11, 0),
(1295, '12345', '139.59.223.9', 'demo', '2017-08-24', 3, 11, 0),
(1294, 'free12345', '139.59.223.9', 'demo', '2017-08-24', 3, 11, 0),
(1293, 'upet12', '139.59.223.24', 'demo', '2017-08-24', 3, 10, 0),
(1292, 'anjir4', '139.59.223.24', 'demo', '2017-08-24', 3, 10, 0),
(752, 'adesta', '188.166.199.7', 'adesta', '2017-08-21', 3, 7, 0),
(1291, 'anjir5', '139.59.223.24', 'demo', '2017-08-24', 3, 10, 0),
(754, 'gretongers', '139.59.223.24', 'fesajabrik', '2017-08-21', 3, 10, 0),
(1290, 'anjir3', '139.59.223.24', 'demo', '2017-08-24', 3, 10, 0),
(1289, 'anjir2', '139.59.223.24', 'demo', '2017-08-24', 3, 10, 0),
(1288, 'anjir1', '139.59.223.24', 'demo', '2017-08-24', 3, 10, 0),
(1287, 'doday', '139.59.223.24', 'demo', '2017-08-24', 3, 10, 0),
(1286, 'hinata', '139.59.223.9', 'phantom0204', '2017-08-24', 3, 11, 0),
(1285, 'syarif', '188.166.199.7', 'demo', '2017-08-24', 15, 7, 2500),
(1284, 'agusaufi', '139.59.223.9', 'demo', '2017-08-24', 3, 11, 0),
(1283, 'sakura', '188.166.199.7', 'izamjr', '2017-08-24', 3, 7, 0),
(1282, 'b1m44', '139.59.220.191', 'demo', '2017-08-24', 3, 8, 0),
(1281, 'fadhly', '139.59.223.9', 'demo', '2017-08-24', 3, 11, 0),
(1280, 'nayya', '188.166.199.7', 'demo', '2017-08-24', 3, 7, 0),
(1279, 'mioverss', '139.59.220.191', 'demo', '2017-08-24', 3, 8, 0),
(1278, 'sastro', '139.59.220.191', 'demo', '2017-08-24', 3, 8, 0),
(1277, 'ujang', '188.166.199.7', 'unuss', '2017-08-24', 3, 7, 0),
(1276, 'jofan123', '188.166.199.7', 'demo', '2017-08-24', 3, 7, 0),
(1275, 'aaa111', '188.166.199.7', 'demo', '2017-08-24', 3, 7, 0),
(1274, 'demo1', '139.59.223.9', 'demo', '2017-08-24', 3, 11, 0),
(1273, 'ngewe', '139.59.223.24', 'demo', '2017-08-24', 3, 10, 0),
(1272, 'aungko', '139.59.223.9', 'demo', '2017-08-24', 3, 11, 0),
(1271, 'bebek', '188.166.199.7', 'demo', '2017-08-24', 3, 7, 0),
(1270, 'cobanyet', '139.59.223.24', 'demo', '2017-08-24', 3, 10, 0),
(1269, 'cobanyet', '139.59.223.24', 'demo', '2017-08-24', 3, 10, 0),
(1268, 'asart', '139.59.220.191', 'demo', '2017-08-24', 3, 8, 0),
(1267, 'admin', '139.59.223.9', 'phantom0204', '2017-08-24', 3, 11, 0),
(1266, 'admin', '139.59.223.9', 'phantom0204', '2017-08-24', 3, 11, 0),
(1265, 'leozart', '188.166.199.7', 'demo', '2017-08-24', 3, 7, 0),
(1264, 'guntur556', '188.166.199.7', 'demo', '2017-08-24', 3, 7, 0),
(1263, 'agani', '139.59.223.9', 'demo', '2017-08-24', 3, 11, 0),
(1262, 'tttooo', '188.166.199.7', 'demo', '2017-08-24', 3, 7, 0),
(1261, 'alleys', '188.166.199.7', 'demo', '2017-08-24', 3, 7, 0),
(1260, 'wawans', '139.59.223.24', 'demo', '2017-08-24', 3, 10, 0),
(1259, 'nuaing', '139.59.223.9', 'demo', '2017-08-24', 3, 11, 0),
(1258, 'trial', '139.59.220.191', 'demo', '2017-08-24', 3, 8, 0),
(1257, 'sshku1223', '139.59.223.9', 'demo', '2017-08-24', 3, 11, 0),
(1256, 'kancil', '188.166.199.7', 'demo', '2017-08-24', 3, 7, 0),
(1255, 'meyless', '139.59.223.9', 'demo', '2017-08-24', 3, 11, 0),
(1254, 'sgdo2', '139.59.220.191', 'demo', '2017-08-24', 3, 8, 0),
(1253, 'nhobitha', '139.59.220.191', 'demo', '2017-08-24', 3, 8, 0),
(1252, 'nhobitha', '139.59.220.191', 'demo', '2017-08-24', 3, 8, 0),
(1251, 'duadua', '188.166.199.7', 'demo', '2017-08-24', 3, 7, 0),
(1250, 'likul', '139.59.220.191', 'demo', '2017-08-24', 3, 8, 0),
(1249, 'gundul', '139.59.220.191', 'demo', '2017-08-24', 3, 8, 0),
(1248, 'ayyasy', '139.59.220.191', 'demo', '2017-08-24', 3, 8, 0),
(1247, 'ayyasy', '138.197.229.120', 'demo', '2017-08-24', 3, 9, 0),
(1246, 'ayyasy', '188.166.199.7', 'demo', '2017-08-24', 3, 7, 0),
(1245, 'ndonando', '139.59.220.191', 'demo', '2017-08-24', 3, 8, 0),
(1244, 'beybih', '139.59.223.24', 'demo', '2017-08-24', 3, 10, 0),
(1243, 'test123', '188.166.199.7', 'demo', '2017-08-24', 3, 7, 0),
(1241, 'krupok', '188.166.199.7', 'demo', '2017-08-24', 3, 7, 0),
(1242, 'faisaljos', '188.166.199.7', 'demo', '2017-08-24', 3, 7, 0),
(1240, 'tongseng', '138.197.229.120', 'demo', '2017-08-24', 3, 9, 0);

-- --------------------------------------------------------

--
-- Struktur dari tabel `userlimit`
--

CREATE TABLE IF NOT EXISTS `userlimit` (
  `Id` int(11) NOT NULL AUTO_INCREMENT,
  `Hostname` varchar(23) DEFAULT NULL,
  `Counter` int(11) DEFAULT NULL,
  `Date` date DEFAULT NULL,
  PRIMARY KEY (`Id`)
) ENGINE=MyISAM DEFAULT CHARSET=latin1 AUTO_INCREMENT=1 ;

-- --------------------------------------------------------

--
-- Struktur dari tabel `users`
--

CREATE TABLE IF NOT EXISTS `users` (
  `id` int(11) unsigned NOT NULL AUTO_INCREMENT,
  `username` varchar(255) NOT NULL DEFAULT '',
  `email` varchar(255) NOT NULL DEFAULT '',
  `password` varchar(255) NOT NULL DEFAULT '',
  `avatar` varchar(255) DEFAULT 'default.jpg',
  `saldo` int(11) NOT NULL DEFAULT '0',
  `created_at` datetime NOT NULL,
  `is_admin` tinyint(1) unsigned NOT NULL DEFAULT '0',
  `is_confirmed` tinyint(1) unsigned NOT NULL DEFAULT '0',
  `active` int(1) NOT NULL DEFAULT '1',
  PRIMARY KEY (`id`)
) ENGINE=MyISAM  DEFAULT CHARSET=latin1 AUTO_INCREMENT=374 ;

--
-- Dumping data untuk tabel `users`
--

INSERT INTO `users` (`id`, `username`, `email`, `password`, `avatar`, `saldo`, `created_at`, `is_admin`, `is_confirmed`, `active`) VALUES
(1, 'admin', 'sauufi@gmail.com', '$2y$10$bYGigYe5mqlzABVVsCxmiejQ6L0SHWHVBvMZQYRL.mNW2ivc1c4yG', 'semfuckbasah', 1375500, '0000-00-00 00:00:00', 1, 0, 1),
(2, 'demo', 'demoakun@gmail.com', '$2y$10$bJmGBMSGhT.1.hNSt9FFP.yuY.lISougMTXESAsDloYaBLC5JEKaq', 'demo1234', 52499, '2017-07-30 18:36:22', 0, 0, 1),
(148, 'ydwd', 'taufiqwahyudi789@gmail.com', '$2y$10$xyDWAguFN87S7snVBNcoSuyYP5rawh7q4goiktzakMRwX4k0IKgPi', 'yudiwidi', 50, '2017-08-11 04:05:05', 0, 0, 1),
(3, 'yogi', 'yogisptr710@gmail.com', '$2y$10$lOO8TDWt6OPuyRmmzRbAE.OJ2Lox.iCgFsyZkoVrJEcoTQkF323Ge', 'default.jpg', 0, '2017-07-30 23:51:35', 0, 0, 1),
(4, 'Irwansyah', 'jakriputra43@gmail.com', '$2y$10$XLHH25htAoVyrTvyV2Im.uP7gkQq3IbjOIHq/s8YdBVZaNt4zQSai', '06031985', 0, '2017-07-31 01:00:56', 0, 0, 1),
(5, 'sisswo', 'siswodarsono91@gmail.com', '$2y$10$lZW9gnYQXBdy.bh5UDMr8Ozvg8G9c9hMmwrpB.lhusXhpA0AlX/o.', 'default.jpg', 100, '2017-07-31 01:05:02', 0, 0, 1),
(6, 'anhar', 'anharmaulana95@gmail.com', '$2y$10$tmbYLzuHeFcOtC.FyTd./.DB3XUyl8lQa/us9CPkuwPCiwlBnp86u', 'default.jpg', 0, '2017-07-31 01:05:20', 0, 0, 1),
(7, 'toheri', 'vtoheri@gmail.com', '$2y$10$ARrcpTkgasq1gb.m0OnHWeeQ7n7jZTtAXBZn1.o.tqi6jNamb/yzK', 'default.jpg', 0, '2017-07-31 01:40:29', 0, 0, 1),
(8, 'Anam', 'Anamsimbah@gmail.com', '$2y$10$zDjC7hH1jGIVsi1xpgSEne3vkwwmFzjoOusKqE62Hz2MDxjqPu0SC', 'default.jpg', 0, '2017-07-31 02:34:11', 0, 0, 1),
(9, 'coro77', 'donbiuku@gmail.com', '$2y$10$eN2756nBQ0HLqycZ7r9WVeSOd3EZ/dj2/qkgXz.jQzajxA07v4KjC', 'angusssh', 0, '2017-07-31 02:40:54', 0, 0, 1),
(10, 'pranata', 'pranatalip@gmail.com', '$2y$10$VNKL0aemstlhtMsm6VBMSONdZXmyZQx/sHjjw/gBIKsvzAATWABfi', 'default.jpg', 0, '2017-07-31 05:24:45', 0, 0, 1),
(11, 'martono', 'rafajulian.iswati@gmail.com', '$2y$10$a19ABW8txlnZnK1.34f6POA7m.iliNO4OrMx7KVgpnIacj73trPhK', 'default.jpg', 0, '2017-07-31 05:37:40', 0, 0, 1),
(12, 'andissh', 'medcab1979@satisfyme.club', '$2y$10$A0JOmHVefGW3pR8.TLrtCOttzLOm4M/exJBMX8vL5K5Kr782HCUWG', 'default.jpg', 0, '2017-07-31 06:18:27', 0, 0, 1),
(13, 'ezchoy', 'ekosupriono3@gmail.com', '$2y$10$OGqXMz5zbjT12DIR5op9yetTSknTNI7P2uFw2rZuVrFoQ8cxVqOTq', 'default.jpg', 0, '2017-07-31 07:01:37', 0, 0, 1),
(14, 'rianmaal', 'rianmaal11@gmail.com', '$2y$10$2BLg/2kuzAiFGqbzwvunl.K7xfAVwRuP2/A0CTMr3lvi4IGcEcKAm', 'default.jpg', 0, '2017-07-31 10:40:53', 0, 0, 1),
(15, 'rulmus', 'airulmus13@gmail.com', '$2y$10$0ZC/YM41fXOH4TV1pyDXlODE51OlV4vH8RFi1ihjimfjUMAsmbybq', 'default.jpg', 0, '2017-08-01 01:22:56', 0, 0, 1),
(16, 'fahry', 'fachrijal@gmail.com', '$2y$10$EABIchgHuOXD6PYYEpCT1e0B19sn1WyrCcBQtxD.UDUSdR3tVSs/6', 'default.jpg', 0, '2017-08-01 01:32:23', 0, 0, 1),
(17, 'Gozi', 'goziardani04@gmail.com', '$2y$10$Z6yXD2Oz4Ll1q2ZMi.ESuuxM9FUjmWLvRU.9QxWI8QOKMDqHQiuYq', 'default.jpg', 0, '2017-08-01 02:07:04', 0, 0, 1),
(18, 'fatiyah', 'tiafatiyah@gmail.com', '$2y$10$v12DMZsXhtXFDy6m7yqXiuXcXwGv9aNCdVGFQVtW4w50kJwAYk1p2', 'default.jpg', 0, '2017-08-01 02:36:03', 0, 0, 1),
(19, 'farid', 'faridfarkhan76@gmail.com', '$2y$10$kMZIWfrE/7HunPaR70Hn4OxywNQUBQf5atUuw8JKKnDhQ8uVShfsO', 'default.jpg', 0, '2017-08-01 03:52:04', 0, 0, 1),
(20, 'nyessyam', 'nyessyam@gmail.com', '$2y$10$MOAGRAXpivV5bEkJcXnWZeEL/hjKy0N3/SEd.XyesGPvC9tdMAd4y', 'default.jpg', 0, '2017-08-01 06:58:32', 0, 0, 1),
(21, 'luffy', 'noluffy@yandex.com', '$2y$10$NVR/W0sg4ocN8ZaJQQQuK.6rJ3bPkZLiDxxn0BmqVvNPbq/DgB5xK', 'default.jpg', 0, '2017-08-01 07:29:54', 0, 0, 1),
(22, 'Onelove', 'saimimawan@gmail.com', '$2y$10$3g7MmQUXi.Jjf1crW9Rage3ext7j06rp026AuxIIqaY2RZFGXeFuW', 'default.jpg', 0, '2017-08-01 07:44:35', 0, 0, 1),
(23, 'Kian', 'gyanasanofa@gmail.com', '$2y$10$ZfxuYzJ/BJOr7kR6q1KfBOslnegtauRd14/3yx64xBljQc8wRFU9K', 'default.jpg', 0, '2017-08-01 07:44:57', 0, 0, 1),
(24, 'rasyidah', 'rasyidah1974@gmail.com', '$2y$10$pUUTHIZGnlgKJ.VIOvRu/OT34avLXQjaoz7dDLr/5HymQfK2BWZvG', 'default.jpg', 0, '2017-08-01 08:38:47', 0, 0, 1),
(25, 'emka21', 'scenewow0@gmail.com', '$2y$10$KJ/RhNkzv8ai6p5cu6z3juFK.x2W5OY5MgB.tSceyL20knL7wM8We', 'default.jpg', 0, '2017-08-01 10:41:06', 0, 0, 1),
(26, 'Asef14', 'Asefwalker97@gmail.com', '$2y$10$3ctdX/uCltFMl3gqKMRD7u5tt8L/Ztu2eyhxBrB/12Mf6jIah1s.m', 'Sampoerna', 0, '2017-08-01 11:03:45', 0, 0, 1),
(27, 'Barandote29', 'panglimakumbang104@gmail.com', '$2y$10$nKYw2q.dSbTYNdcMZystmuv0uovOvRda.g7IGquo8i46gmhKWBRf.', 'default.jpg', 0, '2017-08-01 11:43:38', 0, 0, 1),
(28, 'biell', 'bielbeholder99@yahoo.com', '$2y$10$/jwsVj54.Lg0eYHpmtEPHO8gT/nx/NiZ4ebT/32QypiC/ucSXxNUy', 'default.jpg', 0, '2017-08-01 12:11:42', 0, 0, 1),
(29, 'jasmine', 'dickysetiady3229@gmail.com', '$2y$10$D/s4WLmeAwH9WWIDg2516.GoMn6o3q0v3XzWryBum6W2bncKLL9W.', 'default.jpg', 0, '2017-08-01 12:17:06', 0, 0, 1),
(30, 'pepen', 'pepensupendy04@gmail.com', '$2y$10$KTD8ghvkGQ0loB2n0ytMxOsa1.LIj/1YiHmsYoUUzx1b2nrtoobzG', 'default.jpg', 0, '2017-08-01 12:18:52', 0, 0, 1),
(31, 'melandry', 'melandry1505@gmail.com', '$2y$10$o1UaCsK5nLDWMEG9iJ/d/OGjvwilPpFtwig45L26DThfQrg90j0ZK', 'default.jpg', 0, '2017-08-01 12:37:45', 0, 0, 1),
(32, 'melanz', 'melanzdry15@gmail.com', '$2y$10$SQP0/aOeJG5ad2.LXqQkvez0Nx.rIPA1fZzSb3BtRGqbSUKlC/dea', 'default.jpg', 0, '2017-08-01 12:41:46', 0, 0, 1),
(33, 'Aminhg', 'Krenzlaa40@gmail.com', '$2y$10$vN3eAW8Dwmw/ooT4zHj6JegkD7fVK0UEGxcnJdhsGqUGT808jTP4W', 'default.jpg', 0, '2017-08-01 12:46:08', 0, 0, 1),
(34, 'Paikem', 'Kaptenbotak12@gmail.com', '$2y$10$dNkCOYvBQNVx9XQ2pAeo9uiRMB3cl8x5MCN8c/H5k/edniVnK4kSK', 'default.jpg', 0, '2017-08-01 13:13:56', 0, 0, 1),
(35, 'ariffansyah', 'speedgaming49@gmail.com', '$2y$10$PQ4gNYaFFdzncgVZZOZ2xOBLiW/xdGvPvdnPsgTHW/TNaZAEbrnLi', 'default.jpg', 0, '2017-08-01 13:29:13', 0, 0, 1),
(36, 'tomylagi', 'tomyariwibowo27@gmail.com', '$2y$10$YruZVC0txuFhuY5Yedmkf.5UXFFZQtsmbOAId6yoUOjSt/NO/q/QK', 'default.jpg', 0, '2017-08-01 13:33:49', 0, 0, 1),
(37, 'ferysatria', 'fherrysatria@gmail.com', '$2y$10$tZ69by4CFX0F4qPgwTG6f.VHL.8fV2AKQqkpDVYtOk37x3pqq8bYm', 'default.jpg', 0, '2017-08-01 13:49:04', 0, 0, 1),
(38, 'Dodi12', 'dodisetiawan249@gmail.com', '$2y$10$yeF5xF5FkDAWk8NhFB5DYOzM39lSirfQ2KB3UHQMwJMMwSIWnLCrm', 'default.jpg', 0, '2017-08-01 14:34:36', 0, 0, 1),
(39, 'Ranggi', 'Ranggi609@gmail.com', '$2y$10$rhGyyu9qP1C/VTH3PzUice0RpalxYpONqfh1JzWdu8kdW/gh0K2Uy', 'default.jpg', 0, '2017-08-01 14:39:36', 0, 0, 1),
(40, 'botex88', 'botex88888@gmail.com', '$2y$10$eyrOTOFzG8ooL.fwRqYMBeQM/mvAaGg82eohPKTFCFCPh/g5wt4FC', 'default.jpg', 0, '2017-08-01 15:09:53', 0, 0, 1),
(41, 'wali', 'waliyanto37@gmail.com', '$2y$10$WcPJqTLykjT/z.y964BHEefbO4Zy1vp3bGied7vJYzOHO0CaPGwjC', 'default.jpg', 0, '2017-08-01 15:25:32', 0, 0, 1),
(42, 'arulpratama', 'aruldeveloper9@gmail.com', '$2y$10$v0BzMB8lS.t.eEdwxmpiKOwFuPUDXh/TXBwg8L2TjBkpJlZxbLOWy', 'default.jpg', 0, '2017-08-01 15:27:14', 0, 0, 1),
(43, 'Alvi123', 'halfasyihab@gmail.com', '$2y$10$RqVlAahd/tZrEM19hQAqkO.EOferQ1BPs6CB7bKdkKO0bDGSdhLpe', 'default.jpg', 0, '2017-08-01 15:47:26', 0, 0, 1),
(44, 'rudihertanz', 'hertantoruddy@gmail.com', '$2y$10$ku72GUVrB4JK07mkjG2GmuHmJ40imxKIG.iOcLHQzxshJ4kW3pMoy', 'default.jpg', 0, '2017-08-01 16:29:11', 0, 0, 1),
(45, 'fadrial', 'f.adrial@yahoo.com', '$2y$10$v4rPZ/8u7op0wyws2m42ueZ6je60oqTs6.2JukKZrvZ5Wg6Zba3vC', 'default.jpg', 0, '2017-08-01 16:52:11', 0, 0, 1),
(46, 'ubnt', 'antowijaya751@gmail.com', '$2y$10$dsVLmdV0jhD8PuhN3Fc0ieSzUwgvGruFAgl4/ohd1Zh5aZqSljcIi', 'default.jpg', 0, '2017-08-01 18:06:17', 0, 0, 1),
(47, 'Batuttah471', 'batuttah471@gmail.com', '$2y$10$3V2BTx9C6HErnRqN7Ttoe.3KBVyi10Q9eLH5TkiHLHOHA18j.9Kuq', 'default.jpg', 0, '2017-08-01 18:08:32', 0, 0, 1),
(48, 'Yudirio17', 'Yudirio17@gmail.com', '$2y$10$ILnX0r07GxKYqKP6kwWlbuIIT2mg/0/o7vTjwdzELelGRbqgpr4W6', 'default.jpg', 0, '2017-08-01 18:46:06', 0, 0, 1),
(49, 'Restu', 'vyou345@gmail.com', '$2y$10$gYcAGBJf36RVuUmGjE7Zw.MOvIPHdZ2FGLiWbYrmLxMJareoVE/NK', 'default.jpg', 0, '2017-08-02 01:24:26', 0, 0, 1),
(50, 'Dims', 'eden_hazard72@yahoo.com', '$2y$10$3OpHJKmDicYYop.IuWyw9eP5WU.sWukm9Vlj0Wy7pYg1VkG5SulDe', 'default.jpg', 0, '2017-08-02 01:46:37', 0, 0, 1),
(51, 'Raudoh', 'Abrysam1212@gmail.com', '$2y$10$BG/2RxOl0vGk.xW0V2GYAOBwPMvyelqii60DnqBkrAyad559y4RHK', 'default.jpg', 0, '2017-08-02 02:31:11', 0, 0, 1),
(52, 'Adam17', 'satribanyumas@gmail.com', '$2y$10$caW49Bek6HwmGaDGowCobeO9GTVlMtIO.uu83IUqkZR0Tqalg.gYq', 'default.jpg', 0, '2017-08-02 03:01:28', 0, 0, 1),
(53, 'alwi', 'alwia193@gmail.com', '$2y$10$99.fu6wF.NL2luZvVLKplunUUnvbMznY4CXoPIKomYDxSxA7oJjdS', 'default.jpg', 0, '2017-08-02 03:44:52', 0, 0, 1),
(54, 'arin', 'aurapermata@gmail.com', '$2y$10$siwa8a6u/wLU7B4HfNO4NOFPSNcUqY2l9xLgbLyPrJmhB0igQjDnu', 'default.jpg', 0, '2017-08-02 04:25:46', 0, 0, 1),
(55, 'Waduk', 'jayawae380.em@il.com', '$2y$10$CL61E/YkH53hYwuWxhbpiuQUqXd6MN8IZxk9AN.exAmtb5t7DWytW', 'default.jpg', 0, '2017-08-02 07:14:01', 0, 0, 1),
(56, 'demo12', 'raksasa@gmail.com', '$2y$10$U56RdXF6nR.KkEFr.XhM1.UfaXGbFkf2QWEo/3PfZPIh3HbmIUtpq', 'demo123', 0, '2017-08-02 07:56:49', 0, 0, 1),
(57, 'DekEsa', 'dekesa14@gmail.com', '$2y$10$x0UDPJs4CxDiPFF/oeFgQuRmKUHA7TtbUpujb2sKX3PRMjfPlP9Pm', 'default.jpg', 0, '2017-08-02 08:05:36', 0, 0, 1),
(58, 'rie99', 'rieispandila99@gmail.com', '$2y$10$UhDl56P0WcFt0n9y9ZdDO.8FEVmQkGIqtrvCbYb6eMN.GxPuFHqRW', 'default.jpg', 0, '2017-08-02 09:24:22', 0, 0, 1),
(59, 'liaiot', 'titohartono93@gmail.com', '$2y$10$xHE/aWjVXn.aMrxqHgPVse.xu8toLw/O.LWnX.1TkHLbiL6QUvGLq', 'default.jpg', 0, '2017-08-02 10:30:55', 0, 0, 1),
(60, 'Jajangcahyana', 'kadal@yahoo.com', '$2y$10$kjZoTm15BZ5ga6EqJntAq..xV4QLT/SOpq11A8whK7uzQKgRzO44i', 'default.jpg', 0, '2017-08-02 14:15:33', 0, 0, 1),
(61, 'Jajangcahya', 'cahya@yahoo.com', '$2y$10$PvKjye.SeSgxKRfsrzRHe.lBrQbL.ecV5tygsUUOyv8gaU.VfXVNy', 'default.jpg', 0, '2017-08-02 14:21:40', 0, 0, 1),
(62, 'yuki', 'yuji@matchpol.com', '$2y$10$EyMuXGVfjqJoZv2oBYCZve1ujU7E7H4pDINSmzvncK9CkyzFqKKTa', 'default.jpg', 0, '2017-08-03 11:21:17', 0, 0, 1),
(63, 'deri123', 'derifebriansyah058@gmail.com', '$2y$10$Wnhhs30xi5T2SAYtVaAaNOL4qvbrmscdaRhgUfbfd2dus.DPLyUie', 'default.jpg', 0, '2017-08-03 11:34:37', 0, 0, 1),
(64, 'free123', 'suryaadit868@gmail.com', '$2y$10$QcDQAZ0o20C3Um94Q2WuwuXxAU3nmo0RtRtYSvM2.SodBii2LSOBu', 'free123', 0, '2017-08-03 11:38:20', 0, 0, 1),
(65, 'tejo99', 'yudia815@gmail.com', '$2y$10$bszqlZ/pz4tjYv1qhnGYMO0HFKI9L1fjzFvsll53FH0Ou3KnRUnDm', '12345aja', 25000, '2017-08-03 11:39:24', 0, 0, 1),
(66, 'bemo', 'gwakun2@gmail.com', '$2y$10$gPk/syXxv.O2QOuMoXxJle45gkk77h.d7uMvHZtetVAcN21WpiLHe', 'bemo01234', 0, '2017-08-03 11:46:59', 0, 0, 1),
(67, 'afan', 'afanarpan22@gmail.com', '$2y$10$4yeNxkginfC7.U1N.sjfReSbJi2DAUEZAJ2r/LLjdMVDBahzmkUiC', 'default.jpg', 0, '2017-08-03 11:54:40', 0, 0, 1),
(68, 'senenkun', 'kadalkisi@gmail.com', '$2y$10$Jykf0IxCtHQwWbbeSLmpYukgP1Kmve9/yDuGUg2MsjETrBDwh/00q', 'senenkun', 0, '2017-08-03 12:05:46', 0, 0, 1),
(69, 'Bany', 'bhanylimabelas@gmail.com', '$2y$10$aG7ClTsgiUmTHTD3xQ9Y/eYmPXnUlcFjMKtWjMRJbg.NubMkbOxBm', 'default.jpg', 0, '2017-08-03 12:10:03', 0, 0, 1),
(70, 'adibelank', 'permanaadi065@gmail.com', '$2y$10$Lf1didObW.0xuTRXuqQpr.WfmfdoBX/nWgO0qZxgQbfxacX1hKGiq', 'default.jpg', 0, '2017-08-03 12:38:53', 0, 0, 1),
(71, 'DekEsa2', 'dekesa90@gmail.com', '$2y$10$I/WxAtB0vJwSwMBpTZroI.BGEAaadaRJ4GFPjadc0tUrjFaL/7Gxu', 'default.jpg', 0, '2017-08-03 12:52:32', 0, 0, 1),
(72, 'rizaa', 'amumadocriza@gmail.com', '$2y$10$ocUZlyNeGHFXrmNzLFb4pehhQjuTM9poBNEmDa9mpbYHs8BbfRRti', 'default.jpg', 0, '2017-08-03 12:54:36', 0, 0, 1),
(73, 'Anton', 'antontongl@gmail.com', '$2y$10$9/tCp2YAr/w.DHoawHddPuaRziJvLFE5aNNC9sLMnR3wzzrNLjjkO', 'default.jpg', 0, '2017-08-03 12:56:36', 0, 0, 1),
(74, 'algy', 'algy077@gmail.com', '$2y$10$4hT0Y.cVPazCsY4Zb7whm.Aka8T1vEBLmsYUx.8k.MUtCZvnNA35y', 'default.jpg', 0, '2017-08-03 12:57:45', 0, 0, 1),
(75, 'radika', 'ravisemanding@gmail.com', '$2y$10$GhdzyprG52D0vPsrpDCzMOMTxbbxGNwqbQpegjvO/sGaeGOJ1KIVm', 'default.jpg', 0, '2017-08-03 13:01:52', 0, 0, 1),
(76, 'plong', 'onehart74@gmail.com', '$2y$10$IpxdGcH83ZtAnRyB8vQTB.CZMFZ2NnuhjW30L76t52xjAM4Al6n0m', 'default.jpg', 0, '2017-08-03 13:07:59', 0, 0, 1),
(77, 'kanza', 'sakhikanza1@gmail.com', '$2y$10$sWvJvhEc6XnWbguOvLEvN.zNOI5t5ljzf8tSqZsYdNMVAytcOt83G', 'default.jpg', 0, '2017-08-03 13:27:44', 0, 0, 1),
(78, 'Ganja', 'fais.yoman420@gmail.com', '$2y$10$/He7m1yluU8NGUPHaPnuF.vVjTorHWIxhzCY7cV.aMq/ZG7NX3KKy', 'default.jpg', 0, '2017-08-03 13:48:40', 0, 0, 1),
(79, 'Devaari', 'Devaariyuliqnto65@gmail.com', '$2y$10$6glGVAhazZLlVdhcDHwnc.rFtghOEtVfR3mzYIlB9RtCgJ9FfzCva', 'default.jpg', 0, '2017-08-03 13:59:00', 0, 0, 1),
(80, 'ozii', 'ozeiigaul@gmail.com', '$2y$10$WWEepN43JEwCn87DuIjFQOeuu/tVulBcpHbFqluIp9g.dB/hWrbpu', 'default.jpg', 0, '2017-08-03 14:01:54', 0, 0, 1),
(81, 'Walkers', 'masjawir454@gmail.com', '$2y$10$I1ckIQ9GpdSpf/8QiHBNg.RoI8Nw4V0ks3djX77hcIozkjPwFjWcW', 'default.jpg', 0, '2017-08-03 14:20:04', 0, 0, 1),
(82, 'Ahmad332', 'ahmadgozali4040@gmail.com', '$2y$10$0mrANWFcYHztzunb46joAunE2XmZ0Ve/UmGsKkA3nbiAyZLuZ24Ha', 'default.jpg', 0, '2017-08-03 14:32:24', 0, 0, 1),
(83, 'tian22', 'tianhoood@gmail.com', '$2y$10$sbQO5SAU/cN1doanvrZJhe5M/K9J8osYzcevjuXsR73gSmRKK48fG', 'default.jpg', 0, '2017-08-03 15:03:19', 0, 0, 1),
(84, 'andiprimanto', 'andiprimanto78@gmail.com', '$2y$10$0ub2mCv4/GyGCvNAf4xLWeyejhZ3FVxY3I9uMs2a/ZKdi.zJUfx0e', 'default.jpg', 0, '2017-08-03 15:04:09', 0, 0, 1),
(85, 'imamipek80', 'imambasori125@gmail.com', '$2y$10$g8y9.IIEfe94sH6rBnIZu.66gDVdrAUl3TxjOOAlIc1MKIY5K52Ya', 'default.jpg', 0, '2017-08-03 15:23:52', 0, 0, 1),
(86, 'ogii', 'Rizki80@gmail.com', '$2y$10$U0qP2UzVu5ogtmqJ2i3FmeuP7tbTabOKmFh9iam0hfteUS1IHG23e', 'default.jpg', 0, '2017-08-03 15:28:50', 0, 0, 1),
(87, 'crazy', 'anakbmc12@gmail.com', '$2y$10$dBFXZv/Lsc.ZKGdh63LRHOJa94iklxtNaJWf3K8sKgZAvxTTaZQhi', 'default.jpg', 0, '2017-08-03 15:46:00', 0, 0, 1),
(88, 'diocto21', 'taufik.diocto@gmail.com', '$2y$10$Ud2Qm6bG3RzJcKO2D9yIMebS87QUFlV9.w92sCLgH.MD5ibwGSoEW', 'default.jpg', 0, '2017-08-03 15:54:38', 0, 0, 1),
(89, 'ulil', 'ulila0253@gmail.com', '$2y$10$nmZwWVdGqjbm6HbmSRfbKuLMG9cwtwAXjEYeB2olP/gb3u2AUKzha', 'default.jpg', 0, '2017-08-03 15:55:06', 0, 0, 1),
(90, 'Pepek', 'hau@gmai.com', '$2y$10$EK9YCKTyJ4.8ywF80s9iBu7V/esYpHXYtHlWZOaQJvWeTDmAyMudy', 'default.jpg', 0, '2017-08-03 16:28:33', 0, 0, 1),
(120, 'gimenz', 'agaaja187@gmail.com', '$2y$10$OBptOvZoPktIVTOlZdcIoet1WOeomsLgcVzsJKUAjY3mVhsGw07wa', 'ghostpower', 50, '2017-08-05 11:44:46', 0, 0, 1),
(91, 'Andika', 'andikafakihnh55@gmail.com', '$2y$10$g9pcQcA7CvXhcb.PPA66seCBhy6tNmrYc5mkECZyRG8B/HvlFlt36', 'default.jpg', 0, '2017-08-03 16:37:44', 0, 0, 1),
(92, 'haqeeer', 'manarul84@gmail.com', '$2y$10$CQRd5u9QG8Nyh5Ne4qb7Ju5ozBBFeWxY9Xlovxm/7JWfxSbXJ28I.', 'default.jpg', 0, '2017-08-03 16:38:01', 0, 0, 1),
(93, 'bobby5', 'bobbyrezha11@gmail.com', '$2y$10$sL4vlYdzd2uYxqMFlwe7O.4KvhUW6ZnbeHnqk1N32cBp.m7bRykxC', 'default.jpg', 0, '2017-08-03 16:42:29', 0, 0, 1),
(94, 'Tailah2', 'snifferconfig@gmail.com', '$2y$10$QV7GKEX0FTCWhxYsduyXT.eCZ82GmS1qLTfGjACKWoGCZ/90JheJ6', 'default.jpg', 0, '2017-08-03 16:48:38', 0, 0, 1),
(95, 'Abdi', 'abdifazhuri8@gmail.com', '$2y$10$xMLKV8hWXL7e6Nnobp7oA.PSXwuv2XY/MGb3I1xVoZKF7EZidKf9i', 'default.jpg', 0, '2017-08-03 16:53:45', 0, 0, 1),
(96, 'cok57', 'rifkim079@gmail.com', '$2y$10$TnJmisWYDN.gGYRjzo0zfeBRYceGcnh76dXyrVm3k.QzLmtHo3aO2', 'default.jpg', 0, '2017-08-03 17:15:16', 0, 0, 1),
(97, 'djluck', 'kasihadihafid@gmail.com', '$2y$10$AC/aiWNxikIG2XTMKsRMG.Bb/FtrMJ8iNvsKOY3qoKY7PEMuEa0W6', 'default.jpg', 0, '2017-08-03 17:16:53', 0, 0, 1),
(98, 'zioalfino', 'dhadutzio@gmail.com', '$2y$10$BzmIYHW69njgC5DWVlNJG.E2LKo9F39FiSffF4LkHuot/eUZbo4zW', 'default.jpg', 0, '2017-08-03 17:24:51', 0, 0, 1),
(99, 'aris', 'haris.setiawan24@yahoo.com', '$2y$10$OVCGPRttXNF33j1xZXgKtu65dUl1vyFtw30tNaa4jH0j2CpjCHYkK', 'default.jpg', 0, '2017-08-03 17:45:52', 0, 0, 1),
(100, 'ubuntu', 'ubuntu12@gmail.com', '$2y$10$t4TOV.1F0itVibWfBD48EOXkbFQ1U7KTlX02mRJrzs8x9sEqMtS1q', 'default.jpg', 0, '2017-08-03 18:02:10', 0, 0, 1),
(101, 'satrioooo', 'sasukeaja45@gmail.com', '$2y$10$zpIlxIvPAD0TzabTC8pnE.oTZoinQEVyomnRhf2JE0lUv01bP0wdq', 'default.jpg', 0, '2017-08-03 18:12:06', 0, 0, 1),
(102, 'memekkok', 'asdeee@gmail.com', '$2y$10$p/ZhKNL7lDsopnGTo9SQ0uxqrHQtsRHLza6WPvkph353UUHtQNBv.', 'default.jpg', 0, '2017-08-03 19:09:54', 0, 0, 1),
(103, 'eggyap', 'eggy.ap30@gmail.com', '$2y$10$omhfeVudUnyeZLjhhfdWLeRMuGoHb8b9bIpKMcndQL1xS244G.20a', 'default.jpg', 0, '2017-08-03 19:11:01', 0, 0, 1),
(104, 'miftah', 'miftahelhabib@gmail.com', '$2y$10$eJdhiPoSTC19VwTirOpEMOJvZpTn6BWDs0wJ34PQHwJnfQ0UQIerm', 'default.jpg', 0, '2017-08-03 20:11:45', 0, 0, 1),
(105, 'satriyo21', 'amirulamir8853@gmail.com', '$2y$10$YNgbR7nha0FlyJTYaNz9SekyKuh5GXLUSvNLNcFrWAV5rIOZhovLu', 'default.jpg', 0, '2017-08-03 22:07:41', 0, 0, 1),
(106, 'rizkyibeng', 'ukakjamping7@gmail.com', '$2y$10$x3zgCrhGFK1P/nsRCv.I..s3raE.1Fn./Krr/Tk0L0By9T5QiX9Ly', 'default.jpg', 0, '2017-08-04 00:15:33', 0, 0, 1),
(107, 'TARGET', 'suepalun@gmail.com', '$2y$10$Ng2Jjzapud/QsVp9DlnrAexLnLReFQwNn/5DtGxXQzCT40jjY/iv6', 'default.jpg', 0, '2017-08-04 03:15:02', 0, 0, 1),
(108, 'riyan', 'riyanwhilll@gmail.com', '$2y$10$dIIXO.WGiIeCfPI4eHhZsu6zf8MAX6ex/bNf/mNjk1iTvZERCR5eK', 'default.jpg', 0, '2017-08-04 08:05:47', 0, 0, 1),
(109, 'ramawldn', 'ramawldn@gmail.com', '$2y$10$TpqrFmyq4KU83.FBU1Ve8.PsLHLMpZH3d/4aCgdGPLOztX0yzQg/C', 'default.jpg', 0, '2017-08-04 09:12:21', 0, 0, 1),
(110, 'Joelizt', 'Joelizt307@gmail.com', '$2y$10$swBtc6BF4NDUeT224NAhv.Mk3QC1EQyCN2hXJVq3iQcC/aUNRUxCe', 'default.jpg', 0, '2017-08-04 09:53:07', 0, 0, 1),
(111, 'djagat', 'vinodnextr@gmail.com', '$2y$10$H1hcjfHDFFy2xYQRz8H32O4Ect5sX6QcpPjuF/lX402JdCuHluM1e', 'default.jpg', 0, '2017-08-04 10:46:15', 0, 0, 1),
(112, 'aggressor', 'abiyudha44@yahoo.com', '$2y$10$VWmnqLa9EeIrIz4CkzEVYuwdJIPF0bjVnsUdXr0tiZx/cAIbSOfte', '085235217977', 0, '2017-08-04 13:45:27', 0, 0, 1),
(113, 'user13', 'sauufiaguezts@gmail.com', '$2y$10$eJlSFvKn3ib5wbewBPZ87OA1mZ3JgkfHj9w0JeuHzUKS/Cf12fCK2', 'zxcvbnm', 0, '2017-08-04 18:18:32', 0, 0, 1),
(114, 'user14', 'sauser14@gmail.com', '$2y$10$g/8y3LtqEXikJYt.uoQvB.EYfIAHplTyeRo8Jh4beXc/K17ScJvwu', 'demo1234', 49, '2017-08-04 18:23:26', 0, 0, 1),
(115, 'hendz', 'hendrikhendz7@gmail.com', '$2y$10$2HuUcuDcsrt5RmVPWsGYtegMtBJw//NS1mKGf1yDQUvO0gbQuXfNW', 'jkt48fans', 50, '2017-08-04 18:27:27', 0, 0, 1),
(116, 'ubuntu17', 'ubuntu17@gmail.com', '$2y$10$bJmGBMSGhT.1.hNSt9FFP.yuY.lISougMTXESAsDloYaBLC5JEKaq', 'default.jpg', 0, '2017-08-04 15:35:29', 0, 0, 1),
(117, 'rebutan', 'rebutan@gmai.com', '$2y$10$ACwKo7wt0IQoRHhW0gLkuOJ04oZGOkCZA1tWbs1ZVs1GODjLCcns6', 'rebutan', 0, '2017-08-04 19:17:10', 0, 0, 1),
(118, 'reykeda', 'reykeda@gmail.com', '$2y$10$z8Qoxqg.ocnpDRM1eYyKM.bmN/4C1IRvSk8pRelTxgl.1OKAKT.Ie', 'reykeda', 50, '2017-08-04 19:20:16', 0, 0, 1),
(119, 'sukma7717', 'pupigolden@gmail.com', '$2y$10$/ZkCLrkMijsHyyt3sMwMxuasBqaIZFy81FT9Yn1EBUovKb/42TiQm', 'olivia123', 50, '2017-08-05 10:17:13', 0, 0, 1),
(121, 'anggasetiawan', 'anggasetyawan231@gmail.com', '$2y$10$9fx655y8v/5oNSpZHUF8ieLCUaLH4OhtzPKhBr0JzmLIJw7jETSai', 'angga12345', 49, '2017-08-05 12:57:10', 0, 0, 1),
(122, 'aldoxcyber', 'aldoadityaputra24@gmail.com', '$2y$10$JcjGCRfiq/SGjQhywV8liuMxMm0tQq1SLhWeaN0/zwejAm2r8V2la', '9194595963', 50, '2017-08-05 13:13:24', 0, 0, 1),
(123, 'Aldiv', 'Aldivahaidar@gmail.com', '$2y$10$d5xUUzuFXfRBUC.66tAk..H01Kx/YrlJZBPNlh9rEp7H1z4zZJzdy', '011159', 50, '2017-08-05 15:04:15', 0, 0, 1),
(124, 'fhay', 'fhaysaja@gmail.com', '$2y$10$3UFFp/UaE4r3RwWxfEicmuFP7iWrKjbuoPXO3bK1FkuPmPHp8QU.2', '14121989ok', 49, '2017-08-05 16:33:34', 0, 0, 1),
(125, 'dicky', 'dickysutanto@gmail.com', '$2y$10$Deqm4ENg0UzvAV7Titd14.0hlFC.RSfrz51OYavX68bw2cw9yUG7G', '111281', 47, '2017-08-05 17:09:38', 0, 0, 1),
(126, 'kaktus', 'eltajalla@gmail.com', '$2y$10$JStNm2JshTChZfr46G.MluKk0gQ0wiieE51Dqp1o3hcnk1kGjQBCG', 'narukan91', 49, '2017-08-05 17:56:27', 0, 0, 1),
(127, 'pcinta1996', 'pcinta2020@gmail.com', '$2y$10$IX/oi5I1LDfQQWcUzGXpWulpWvof2FQ9NeXd/He8f/K3c.kTLPyiq', 'sudrajat96', 50, '2017-08-06 02:40:58', 0, 0, 1),
(128, 'ozil', 'oziiarkm12@gmail.com', '$2y$10$ltPYNpUHD0jqVl1zp2cbV.7YRAGAAK/b5CPu6aJgvIzu8zPzU8F3a', 'oioioi', 50, '2017-08-06 04:45:56', 0, 0, 1),
(129, 'anggashadaw', 'anggasadaw07@gmai.com', '$2y$10$vFjhfIRLFAFmWotwScTMEuQFVK9u.z1bBHg/QiWTL9tNIGm4xney6', 'uswah', 40, '2017-08-06 06:27:09', 0, 0, 1),
(130, 'Shadow', 'gates4362@gmail.com', '$2y$10$/S715vLAwPR78evRl6jmGODy0uE9912wZOKmBEk6/bX9cezfLVJri', 'Ranjau17', 49, '2017-08-06 13:30:23', 0, 0, 1),
(131, 'zulfan', 'james.miler16@gmail.com', '$2y$10$Ie5XYQcXNFayLObXc3nao.i.vSkO0JNgUrkIbmXbB.oqaV/4hMVvm', 'zulfan1', 50, '2017-08-06 17:10:14', 0, 0, 1),
(132, 'hendra', 'anginkipas182@gmail.com', '$2y$10$RdrglEWyta7Bg6WBRBvSG.d98dqdjI9DHP1hu37LGHbTpi2yf3Mqy', 'haheho', 50, '2017-08-06 18:39:15', 0, 0, 1),
(133, 'yudhi', 'hacker.orang69@gmail.com', '$2y$10$Um1xdR5Q69cK1gNO5cqQDerqo4Ux/CZZusEdobyu/0Tqq5rNGsEu.', 'fitri22', 49, '2017-08-07 05:49:48', 0, 0, 1),
(134, 'dandi', 'almarisdandi@gmail.com', '$2y$10$zImOTTOjsi3LUU7g9.KLtObwu7HdI4LxxdewqcwlcodiceQ8G8bC2', 'Tigabelas.', 49, '2017-08-07 06:48:34', 0, 0, 1),
(135, 'andestal', 'andikamuhammad457@gmail.com', '$2y$10$m9pzcoyT16A3aHNt7rU9Q.RE/V.vUh9JxQD0j34nfLJeEQpu06f..', 'demo1234', 50, '2017-08-07 13:45:14', 0, 0, 1),
(136, 'adsh', 'fadieb07@clubmember.org', '$2y$10$PWtG3.k/Op1eUPfZ21/fx.z5PAE9xCyUJ0cJpiy11IGPAAYuHz226', 'funky000', 47, '2017-08-07 15:52:47', 0, 0, 1),
(137, 'Taufiq83', 'hidayat.taufiq83@gmail.com', '$2y$10$UY8DGFn3N2phun9U2GbHoOChyMNex6PNnjsoqtk/Im4DDeNvdLJCe', 'lestari85', 25000, '2017-08-08 08:28:31', 0, 0, 1),
(138, 'xxcvcxx', 'irsyadnaxcholy12@gmail.com', '$2y$10$bdE4DvX4LeqvnFbm2cbkC.VXFhtNl.lnXK902m.Ou9IVI6wj1g/bC', 'wahssh', 48, '2017-08-08 09:11:54', 0, 0, 1),
(139, 'baly4n', 'baly4n@gmail.com', '$2y$10$nris4cd8Lqe7fX0n0CNjo.92X82sJ3Pai.t9.ntf4GH4QK8JyA04u', 'balyanmu', 50, '2017-08-09 02:08:54', 0, 0, 1),
(140, 'Yoga21', 'yp21122001@gmail.com', '$2y$10$qkYDxK32kOeRFWTnUgkJC.U5rs/b8F/KRxgJ.TgM4a12E31NP8vqC', 'aripyoga', 50, '2017-08-10 07:34:52', 0, 0, 1),
(141, 'nova', 'novamaestrawan123@gmail.com', '$2y$10$OnHCzczKhsVZyctKxNpgLOpOCXIUyVkLDGX4nbdQDx6slYvYm8Uju', 'nova420', 50, '2017-08-10 11:19:59', 0, 0, 1),
(142, 'jemuah', 'jemuahwedos@gmail.com', '$2y$10$chcemKY/T3OFV60m1tFnD.azJb2PwE4UA.YY2PShI3mCALufnleCW', 'jemuahwedos12345', 47, '2017-08-10 16:38:22', 0, 0, 1),
(143, 'pakmintapak', 'pakmintapak@gmail.com', '$2y$10$SrveYPwP1JMKbJtDY1.pz.8odZMWzx6eDUB1/ew5O3RLxFISCx6mK', 'pakmintapak', 50, '2017-08-11 03:47:23', 0, 0, 1),
(144, 'Babibu', 'bando97@gmail.com', '$2y$10$zZ2tQl8Wl7XxA8.ksPCDuuk8QZ98FzpeiIoFdRrS/Yu4Dw.ycdpqi', 'arrosid04', 50, '2017-08-11 03:58:21', 0, 0, 1),
(145, 'fate', 'synergy2nd@gmail.com', '$2y$10$H78kIuNDbdZsNulffwZO8ul17Q27Hyft1rzUiB8LmRNom98pt4Mqi', 'madelina', 50, '2017-08-11 03:58:38', 0, 0, 1),
(146, 'Amarjk', 'amarqaf@gmail.com', '$2y$10$APH/uHiB1VhQQNZfp9WsAubwGsW4zL6S81UHsOpPHcR9RWYePJyb6', 'amanalamamar', 50, '2017-08-11 03:59:13', 0, 0, 1),
(147, 'azhar', 'alauddinazhary74@gmail.com', '$2y$10$HK9SICfYt5MQmoTXYRE8x.fU8vDsxwh6wzpTsEyM/VxbTYoxGYCCK', '@17042000', 50, '2017-08-11 04:02:20', 0, 0, 1),
(149, 'yoesriel', 'yoesriel10@gmail.com', '$2y$10$W6MMWlzw0NGZn4iC9PClcOFLf0y3RTti3vUusBtduU70pjCHUsSYm', '10', 0, '2017-08-11 04:13:12', 0, 0, 1),
(150, 'budi', 'budiyanor16@gmail.com', '$2y$10$hRY8n2W32iflhd9KWWLT/eUsz8rxiK11w6VsohNtMY6SZp/h2SWIy', '16april1996', 49, '2017-08-11 04:13:45', 0, 0, 1),
(151, 'oniion', 'roni.aweu@gmail.com', '$2y$10$7l.BbyYH4JUKDIk3lTwcAORP/viMghMrGnMe09PmVrOxuGSdBYVO6', 'oniion112', 49, '2017-08-11 04:15:57', 0, 0, 1),
(152, 'braja', 'zrgenzi@gmail.com', '$2y$10$/lJjUjnUPHvE79Yaw7K3Gu9hSlXoPkaZZ/.5xZlvn1JZdTqh/DVWG', 'tekosengayem', 50, '2017-08-11 04:16:23', 0, 0, 1),
(153, 'yoga', 'alwipramana@gmail.com', '$2y$10$VNVOt185yQL3Cc8sNCcwgeEOBjLa3T5S/wVCLrITQp9rYJZ40cVxu', 'kinoylatol5454', 49, '2017-08-11 04:16:36', 0, 0, 1),
(154, 'protario', 'protarioprimay01@gmail.com', '$2y$10$KoaAjD9rNvkiEcZYqrwfbe8s9yFmri9CTe1MlJXM867yaGrM9VviS', 'major123', 50, '2017-08-11 04:24:39', 0, 0, 1),
(155, 'persija', 'persija@gmail.com', '$2y$10$P0PHalvcjaAX5eqOUBLOWeO4zAfgUxc/af0U5gDNEGLdbBqaKzzOu', 'persija', 50, '2017-08-11 04:26:19', 0, 0, 1),
(156, 'rohaman', 'rohaman727@gmail.com', '$2y$10$HGMSOG1Ida1QAw4Fo0EStOlUGxNdLEa8pTDR9Blh18wB7Iywa6lSm', 'gimen123', 50, '2017-08-11 04:27:54', 0, 0, 1),
(157, 'lvtn11', 'zigycren@gmail.com', '$2y$10$MLoeuvypgvoI/cr8iLxPguxJWQD/rXAR3lYtU8ZypvSQpjhm/CZvm', 'tobi2809', 50, '2017-08-11 04:28:24', 0, 0, 1),
(158, 'volans', 'apaajalah@gmail.com', '$2y$10$VS1QKtb9ixQnfX5ePyo2ce7adF.ynJ8665ibfSYUP5qpdWiSThNke', 'quarantine', 50, '2017-08-11 04:29:05', 0, 0, 1),
(159, 'saefd', 'saefudin507@gmail.com', '$2y$10$i2/.7W6z50IMStwBhSvhRuY1vxK1uUZmBuwXMQR3w6aHIPAcSaK76', '123123', 50, '2017-08-11 04:33:08', 0, 0, 1),
(160, 'riko12', 'rikoaffriki.ra@gmail.com', '$2y$10$LovFka.RrxQObf2WqEpFm.I0m7JHvGPZjoiuWANYp2ctbhH7YNLnq', 'karangmojo', 50, '2017-08-11 04:33:55', 0, 0, 1),
(161, 'dens', 'dedenphreaker007@gmail.com', '$2y$10$3VBHQJVJebib.LGk.dkVAuFCwtq.MbJLswCHsurSoAqd3jG44jRDS', 'madara007', 49, '2017-08-11 04:35:19', 0, 0, 1),
(162, 'rikza', 'rikzacahklaling@gmail.com', '$2y$10$IxYq1Nkmr/G.Nag6p8ZW5OQnU55B4TKg9I1kJcsnR54K/04ADlC8m', 'cahklaling', 50, '2017-08-11 04:38:22', 0, 0, 1),
(163, 'Wiesukmayasa', 'wiesukmayasa@yahoo.co.id', '$2y$10$wPQAVzvKiisBG5rNU/k7L.N8K2qXJOiJphGT6WRbU3eqKIqtbdA2C', '21212121', 50, '2017-08-11 04:45:21', 0, 0, 1),
(164, 'Ahmad', 'ahmad.putramaros411@gmail.com', '$2y$10$KSw1Fv98f3vDgB20l.bd..k/wOjQfcuAANNCdBcJ1pSSIX14NbBIa', 'BERTAUBAT', 49, '2017-08-11 04:47:10', 0, 0, 1),
(165, 'starzio', 'djambrongdud@gmail.com', '$2y$10$iZfVisorygine7amp6dgfOsS/OZ6Y0RumtKvf8qHDrJKPtkKmDgB2', '12131213', 49, '2017-08-11 04:49:19', 0, 0, 1),
(166, 'irfan1212', 'irfanphreaker12@gmail.com', '$2y$10$ocfODcZV9QDAXjPoFiB7MefXH2jnF/G7N8TB2IllIGS2tLmcTcGBK', 'irfan1999', 50, '2017-08-11 04:51:35', 0, 0, 1),
(167, 'poho', 'cyberindo150@gmail.com', '$2y$10$OIJ//k.JFVjcTNuYmT5ppOag82Ojim9g.5CR49jaduHVmbEEm7xQa', 'poho1234', 0, '2017-08-11 05:15:22', 0, 0, 1),
(168, 'Hamburan', 'rizerorize@yahoo.com', '$2y$10$PnZ1iSYOLWm5oYIwJHV6B.jSP/27/mjG8Sr3UVeaxH8p7zljdWc.C', 'okokok', 50, '2017-08-11 05:24:36', 0, 0, 1),
(169, 'agung', 'alamcustem@gmail.com', '$2y$10$HlE8n7/OEYvVTOxrrrNFiep/6OqvAzc.Oalk2rnPeZKuSEc1SrWwK', 'asukirik', 50, '2017-08-11 05:30:20', 0, 0, 1),
(170, 'Susanto', 'msf12121999@gmail.com', '$2y$10$UfcTnPu7AN6lVcGUiFXltuk4dl.7ZPjSLYedjt7vMoJ3/nKDsEm9q', 'SMARTFREN', 50, '2017-08-11 05:34:39', 0, 0, 1),
(171, 'Skaaa', 'irdhanmiftahs@gmail.com', '$2y$10$E2OtLmJ0Uxw.NJyfwagkwOPYThUWUYvxirSvUhJAE625Bpn2xmYiK', 'irdhan', 50, '2017-08-11 05:44:51', 0, 0, 1),
(172, 'dendyout', 'bangbootloop@gmail.com', '$2y$10$ofKYxl5VzVUjhoTz1OqIaO/qhXxCyn1gd16qRFE1CfNZU1PIZzGNK', 'bootloop21', 50, '2017-08-11 06:05:28', 0, 0, 1),
(173, 'Dayat', 'dayatchandra116@gmail.com', '$2y$10$ENf6cvxL1DM.fuAZ7E0cLO8fvwxWCtVNHaEcsZalBYh.Q5Bcc5C/a', 'dayat123', 50, '2017-08-11 06:15:34', 0, 0, 1),
(174, 'nendiriswandi', 'nendiriswandi0@gmail.com', '$2y$10$0yOBKJvnU5Tn/X/izro3oOKWLR8a3cR5I9qm33k/2yFqoyH7QvxZq', 'nendi12345', 50, '2017-08-11 06:32:09', 0, 0, 1),
(175, 'Sigitgamers', 'sigitgamers99@gmail.com', '$2y$10$N34kszxMpAeDL2yLc1/5zetMXKuSb9RClVnR.cXI8xKyd.zVRqxaa', '17082003', 0, '2017-08-11 06:35:07', 0, 0, 1),
(176, 'free12', 'yusuphambali9@gmail.com', '$2y$10$K6Nbe5/lrXoqCMxCsd1PduniwmLigJaELaZwUB.2FzjmGXHgMepTC', 'free12', 50, '2017-08-11 07:04:47', 0, 0, 1),
(177, 'okifernando', 'okifernando31@gmail.com', '$2y$10$LbWnkY45ta5SyL8GHfV0ROXWBZanLCQBdZW44WTjFyBt.ilH/Pv3K', '12345qwerty', 49, '2017-08-11 07:18:43', 0, 0, 1),
(178, 'rikky', 'rikkyadiansyahh007@gmail.com', '$2y$10$9xVsPB5iFY9gAROeIp69Kel5PcAywVjmuzeiv0AasQkxVBoEafLiy', '123456', 50, '2017-08-11 07:27:35', 0, 0, 1),
(179, 'anvista', 'angga_mail@yahoo.com', '$2y$10$54DiJFnO4se2E4ZIWpLTFenUgMXDmdJCXp2Jfz/Hu92fWyqrpzOr6', 'anvista01', 49, '2017-08-11 07:44:42', 0, 0, 1),
(180, 'frans', 'fransrizky588@gmail.com', '$2y$10$P/CxsFitHgy5bX3e0mPLgu3FKKYRLZYfhNVrZBuGEgZHog.d2emDG', '07102001', 49, '2017-08-11 07:49:20', 0, 0, 1),
(181, 'rawas', 'rawasniken@gmail.com', '$2y$10$wtABB8J0I0tE8Arh7l161.1e5fvqMr5M18uVXoXf/vpMFpRvr0mGq', 'indosat1', 49, '2017-08-11 08:05:17', 0, 0, 1),
(182, 'simbi', 'simbi.gothic@yahoo.com', '$2y$10$sD/IQfZOqerp3Ckq6wWMDee2XGWco2c1PCDchqNDx6/AytFsHGP8O', 'kevin 5555', 50, '2017-08-11 08:12:32', 0, 0, 1),
(183, 'fikri', 'fikriroberto4@gmail.com', '$2y$10$rbVmrF8qTxTOib9udypyyeFdwXM8rl2hNPAKJ50MBlO0AFuH5xyLu', '3juni2012', 50, '2017-08-11 09:30:36', 0, 0, 1),
(184, 'jimbo123', 'jimbo123@gmail.com', '$2y$10$NIVTCPM2oo9i.dUwcUKY.ueE/mEdIfpO2NVhRIL17COmdj5IrzpRC', 'jimbo123', 50, '2017-08-11 09:45:53', 0, 0, 1),
(185, 'lele07', 'rraa7000@gmail.com', '$2y$10$m8VovnmytgW1W7uMe6LEh.q.ekCzpYrADrz88evc9ozc3/v4v6WNa', 'QAZXCVBNM123', 50, '2017-08-11 10:20:49', 0, 0, 1),
(186, 'kentod', 'doupst@gmail.com', '$2y$10$x0Vw2enEhRxGtyTGDqW/TOoDeuprfMo3UPkqZzfpZjybDw/DXsLGu', 'bondanf2b', 50, '2017-08-11 10:31:10', 0, 0, 1),
(187, 'apip', 'apipramdhani0@gmail.com', '$2y$10$fFAcHRyezy3oIwTRsAgeQuKmHf4jyXZCaDcqqdn.TXjlbd/vPR.M.', 'tasikmalaya1234', 50, '2017-08-11 10:44:44', 0, 0, 1),
(188, 'rahmat', 'rahmatm11@yahoo.com', '$2y$10$i92H59rsTtiYJKu/bRLPI.0.lSn4guTQ.tI0HypBAzBMaPhBPpcNG', 'cirebonesse', 49, '2017-08-11 11:36:30', 0, 0, 1),
(189, 'naswa', 'naswakalsum12@gmail.com', '$2y$10$z7PqkAfB11B0NAwxeRF0R.p9twCfA8MZu4.yi4N/bPS8BKcqU8TQ2', '@123456', 50, '2017-08-11 11:44:42', 0, 0, 1),
(190, 'CakDol', 'ainonxxx19@gmail.com', '$2y$10$Ig.iPYhSro/y9ybQhG9gJO1ZAbVx7U2GhujfE9yM3QUjrpTjPKaiW', 'Ber13@3@', 50, '2017-08-11 11:51:40', 0, 0, 1),
(191, 'joart', 'willem14012@gmail.com', '$2y$10$8UWS9YN6cfRIL8RLMSjKWuMTyycw7CTHyNte8qZk/CvSAyY8N3yku', 'wasde1234', 50, '2017-08-11 12:04:55', 0, 0, 1),
(192, 'shine', 'kakanandasyaputra1@gmail.com', '$2y$10$QDhBXvcNeobvHChF4aInRudTu0MFnkSJMEM8LDv/2kZ6S.SGlGus.', '123456', 50, '2017-08-11 12:05:41', 0, 0, 1),
(193, 'kuwat', 'mujikuwat99@gmail.com', '$2y$10$Jt3oOmsYMqg8yNMTwFZsyOWt6WMKRTUXTtoEXhgK08QSzhhu.VTAC', 'serbabisa', 50, '2017-08-11 12:06:04', 0, 0, 1),
(194, 'risal', 'nakbhetinkisal@yahoo.com', '$2y$10$6SW0vkmaRW5UuYz0k..A8OY930nk38W.Wga7NvdAlNa.m003RlFai', '7654321', 49, '2017-08-11 12:12:39', 0, 0, 1),
(195, 'Ryan', 'riko210.r@gmail.com', '$2y$10$IhaPeqRfuWBm8.JbdwFH3OQOMxNWA7tjXExH50FjpgULBC02ogQZS', 'Ryaneriko12', 50, '2017-08-11 12:48:01', 0, 0, 1),
(196, 'test122', 'sofanrizal0@gmail.com', '$2y$10$MQBmQ4yNhQxCw75GsixO2.jhWbpsLXNPdm0ZApmwLi12EjIMKo0ku', 'bukabuka', 50, '2017-08-11 12:53:18', 0, 0, 1),
(197, 'metggmu', 'met1878@gmail.com', '$2y$10$q3r/sFFSFNEIGBTiAorD6.acblgvGiqIW4qYBTeq4TwqBppIxYR/O', '1234456', 50, '2017-08-11 13:22:11', 0, 0, 1),
(198, 'setya', 'setyaadi1998@gmail.com', '$2y$10$9ix3PP3jpzyTgGBREc9CE.b.nwGobJxsvTQyWRLpscV8svt8xyXbS', '123setya', 50, '2017-08-11 14:12:42', 0, 0, 1),
(200, 'fazari', 'kaktusshobbar@gmail.com', '$2y$10$FlG1qk.0ntR7QT45ZW8AvOXLGKdYKc/yJ8i1D9HSSPgdFI4gPmn4G', 'narukan91', 50, '2017-08-13 00:38:09', 0, 0, 1),
(201, 'viky', 'akromgranat@gmail.com', '$2y$10$9w6tff4tBFTpnzobur8nFey9OfUbvMFtJKG/NXQD99JY6qJjUxHhy', '123456', 5050, '2017-08-13 01:20:26', 0, 0, 1),
(202, 'Ateng', 'ateng@gmail.com', '$2y$10$Uqo2iCKYkbPknuQoithNKOUm9RTdhSRpcz4U4U0lpq.vqJHo2qByK', '123456', 50, '2017-08-13 01:24:24', 0, 0, 1),
(203, 'fathi', 'elhaq89@gmail.com', '$2y$10$FveFhPQPWZk7T8iBalwxuuz6nc.8VqSWgAwVzC5FT4uoJZ9usZPAi', '123456', 50, '2017-08-13 01:35:14', 0, 0, 1),
(204, 'darma', 'iluhayutitisandriyani@gmail.com', '$2y$10$STrrmYVVkHD4MENCjCeVV.xdEPemDLhiZIoU52XK89TsYblgnIbDy', 'dasawi007', 50, '2017-08-13 01:39:26', 0, 0, 1),
(205, 'ngecroooot', 'bangsat@google.co.id', '$2y$10$gZ2eMaYG58c/URM/fZbhnu6K5xyBnXHmVmWLBlCg682UCViBHww5u', 'Ngecrot69', 50, '2017-08-13 02:39:32', 0, 0, 1),
(206, 'gratis', 'irsyadnaxcholy@gmail.com', '$2y$10$bqgUxwM5VuMQsbT0R7pwremBTJiRmbFFAYjbaLO4lfs6f1OXMCdN6', 'gratis', 50, '2017-08-13 06:15:00', 0, 0, 1),
(207, 'demooksuciha', 'demooksuciha@gmail.com', '$2y$10$9BNKnqjlesgpTpwtmdH1a.Qk8NvKxMR7nTdpd9QUyh/I2FDS9SYR2', 'demoookz', 50, '2017-08-13 07:35:55', 0, 0, 1),
(208, 'novamaestrawan', 'defriaris17@gmail.com', '$2y$10$4TKqlUTejF/FBW3f1z5aUe5QN8emm7OItchlMtI40SPgt/Xufd3ke', 'nova420', 75050, '2017-08-13 07:37:13', 0, 0, 1),
(209, 'NCP1', 'nconnectionproject@gmail.com', '$2y$10$BYQLWl1PaAK/xLOQwFJkaey5EBl7w4eU5djC4b3k/SZ.RLZP6lkii', 'sshncp', 50, '2017-08-13 08:19:34', 0, 0, 1),
(210, 'rizky', 'boboiboy101012@gmail.com', '$2y$10$/WtsmcFJbiWVJ193xQee8OBQwsypQHrzV5W8kFlDMfowulVP64TLG', 'rizkyd', 65050, '2017-08-13 09:24:12', 0, 0, 1),
(211, 'oktianarlian', 'oktianarl555@gmail.com', '$2y$10$Y309GC7NNue/3o.HPGLuzufz0b7PZMERpdYs9W5ljB0CBlQ3Xf/im', 'sippuden', 50, '2017-08-13 13:04:03', 0, 0, 1),
(212, 'kopra', 'tonipratama08@gmail.com', '$2y$10$uBXrHMk27EULEITbmzaD2e7Icvy10K/r.xc2jum36krj68Lk0kLyO', '123456', 10050, '2017-08-13 13:58:43', 0, 0, 1),
(213, 'shadow17', 'anggashadaw07@gmail.com', '$2y$10$r999/0qeTjCIRE7YJkIUWey9ULADPSYeWb82nakwE6OJ.7x1GgCCK', 'shadow17', 50, '2017-08-13 13:59:20', 0, 0, 1),
(214, 'Okiibaguz', 'Okiaja690@gmail.com', '$2y$10$V6Mo5Xpju5LJS35DXQWy8us8g29evQI2XDv0fisiqEiYNoik4Z45S', 'oki123', 50, '2017-08-13 14:19:29', 0, 0, 1),
(215, 'ramadan7', 'argobisnis4@gmail.com', '$2y$10$YNZrb4UzLZtEfQsZfncji.kbnOKYUugLngF3gdDimQYbA/rVE5Xoq', 'ramadan', 50, '2017-08-13 14:27:22', 0, 0, 1),
(216, 'aldiwira', 'aldiwira1997@gmail.com', '$2y$10$3L10v1WpjWHEFqt0T8rd1eI6uFpRHkkRHCiBa8tQzEgYFSRWK/BvO', '11agu1997', 50, '2017-08-13 14:31:20', 0, 0, 1),
(217, 'Wifqy', 'Wifqy98@gmail.com', '$2y$10$L0l9IF/ye/sGkIyfNj3JSOWZuICnrcCgcB5PamOBKlzxZ1UOr01kS', 'qwerty1', 50, '2017-08-13 14:31:23', 0, 0, 1),
(218, 'bowmin', 'hendrayan4@gmail.com', '$2y$10$WYj.JltJ5H8Gp2f1AoJKgOQAzN24yTtqZrbAV.is5k85Hc5spv96C', 'bowmin12', 50, '2017-08-13 14:38:06', 0, 0, 1),
(219, 'Anambest', 'anam.bestbest@gmail.com', '$2y$10$EYYTqCmrHBLbaHM6wK9oyOT4Z9wHb3Ce.iDHhk7ZWtg9HwK/5R8oK', 'Anamjr', 0, '2017-08-13 14:43:40', 0, 0, 1),
(220, 'bruto', 'brutopati@gmail.com', '$2y$10$FGow1C.QJ8/6dqKrLXiWeuu4KCPUbcz41HEtBV.wgny0QI/Gt0Zmy', 'cintaku', 50, '2017-08-13 14:51:42', 0, 0, 1),
(221, 'lengkoano', 'lengkoanoizrah@yahoo.com', '$2y$10$wa9VWZCBn9qtZP0P.nkDMO.nOyj22fLFCwu5IgSSB2UFljk1WVohy', 'jascom0406.@', 50, '2017-08-13 15:25:37', 0, 0, 1),
(222, 'Sylphin', 'tachibanaylphin@gmail.com', '$2y$10$Fbnf6DlZO4qP5fUAdoTE5uixSQGycBfpJpMeLJS8FlFIo6bQT3dFe', 'ylphinford', 50, '2017-08-13 15:39:50', 0, 0, 1),
(223, 'kukung', 'hadililah@gmail.com', '$2y$10$Ar656s1w8AhHt/4wJTZKHeMwCoEna/asXjE1aK9ARLaQpLjwPoOYK', 'ginan123', 50, '2017-08-13 16:16:54', 0, 0, 1),
(224, 'gabens', 'gabosoke3@gmail.com', '$2y$10$QWnVeLtJ6Y2/Rb6/lZT.deGFIX4SWKYrrqhDWQadyyupPGwlfYMx.', 'gabens', 50, '2017-08-13 16:18:25', 0, 0, 1),
(225, 'ifhan', 'khasanpoetra@gmail.com', '$2y$10$yfjvwVncMcLpYhiAQrP4mOc14024l1LkzKq4jZR9pCzLDHmbSWwvW', 'ifhan12345', 0, '2017-08-13 19:00:22', 0, 0, 1),
(226, 'mjrocknroll', 'muhjefry3010@gmail.com', '$2y$10$ti.BJ4sQuZtKdmYaCO4C6.BWOPTGM/RGiWn8NgKubG6IQUZXdo/tO', 'agustus3010', 50, '2017-08-13 20:24:16', 0, 0, 1),
(227, 'wahyud', 'dede5228@gmail.com', '$2y$10$skmkR/3txmd1M0E3D1u5zed5EyECoCjxeAe7drbLQZ8NRgns0iyTK', 'dedewa', 50, '2017-08-13 20:54:40', 0, 0, 1),
(228, 'pietercruk', 'pietercruk@gmail.com', '$2y$10$zPOfpLlJu9X6y11rL/HscOTHmY7Rjzce5KZrQ8xaaZrZ7Kr7y1jPC', 'namaku./123', 50, '2017-08-13 21:20:58', 0, 0, 1),
(229, 'bento', 'zhanet0100@gmail.com', '$2y$10$Xdu6KIJ/SJFo86mXQoRtke0KpB5Ee1UZgdmmbDKtg223xEDTeMc46', 'bento1', 0, '2017-08-14 00:48:13', 0, 0, 1),
(230, 'yudibae', 'yudibae1998@gmail.com', '$2y$10$KKbjRlVXE4z6ZYSEqdP8GOUgklaagPf3NJHdeTCJj4lWQrBtftPaS', 'Yudibae1998', 50, '2017-08-14 00:57:36', 0, 0, 1),
(231, 'mrgello', 'dedis4416@gmail.com', '$2y$10$/t.GnDDk8YDXcGO2LpUrfeSFI3XfFvKRoHmLMg/3jNBTa0mXnt2n2', 'mrgello123', 50, '2017-08-14 01:24:38', 0, 0, 1),
(232, 'ralf', 'ralfcastro@gmail.com', '$2y$10$WbGjvXiyQJyuIaTaN0jHleDX2Fwh3pHhZHnydA0nvJ.9W6LW9LTLe', 'ralf23', 50, '2017-08-14 01:34:32', 0, 0, 1),
(233, 'arifsujadi', 'arifsujadi3007@gmail.com', '$2y$10$eqdE7/KjStk4E8IxwFUkcupHh.YKxFl7W9B/WwmvxEXsaJTIcV./2', 'Cahganteng123', 50, '2017-08-14 02:30:42', 0, 0, 1),
(234, 'setia', 'linalahuri22@gmail.com', '$2y$10$EDg3zF6clzuuWxgcDZRKKurD4ghT/G73vUSwEz9X4I.tXL6PzcgTK', 'lahuri', 50, '2017-08-14 02:34:38', 0, 0, 1),
(235, 'devo55', 'devo.achmad@gmail.com', '$2y$10$iI81kCUEcdzyy2FEUVa9C.Y4idVZY/5kCa6UlpuSVp7w7CcwLnPti', 'bintang5', 50, '2017-08-14 03:06:59', 0, 0, 1),
(236, 'daniputra', 'dputra072@gmail.com', '$2y$10$BnT5j/yGE4rGFk/dSt54BuThNhPsRWf46Y5/1lS3rjBUZuEUJWAEq', 'dputra072', 50, '2017-08-14 03:29:27', 0, 0, 1),
(237, 'shadira', 'r.awasniken@gmail.com', '$2y$10$gmkSyvihBIif460GmbzGc.iy5rzdzNKLCK7GaRPgFRmzoLSXYRNQO', 'indosat1', 50, '2017-08-14 03:42:14', 0, 0, 1),
(238, 'zainurtrl', 'zrahmantrl666@gmail.com', '$2y$10$DA6vz7jdLR/FzTj4LPPLeOSWcaBqbn.Noi.YN0GrwG.NKvEOnyOgG', 'trlwaray', 50, '2017-08-14 06:09:10', 0, 0, 1),
(239, 'comp', 'cybercomp.cc@gmail.com', '$2y$10$ZoxDsda90Rw/.fpr8MG8i.U9gzRFdv/OTVsQI4eceTzBYxJbaF/36', '12345t', 50, '2017-08-14 07:23:34', 0, 0, 1),
(240, 'Irfa', 'irfanscoc1999@gmail.com', '$2y$10$xMBjFWC8mZrBro87ze.TrOzwGw6GHrJc9dE1phlZGdgFVZ/BBR2ju', 'Irfans', 50, '2017-08-14 08:15:00', 0, 0, 1),
(241, 'noviarmann', 'n.noviar@gmail.com', '$2y$10$ddPaOcYlCjkaSzkks3bkDOhTClkL4K9oHuhUgtmsGa2EjdXytqFIq', 'diagnosa', 50, '2017-08-14 08:31:13', 0, 0, 1),
(242, 'phandjie18', 'panjinurillahi@gmail.com', '$2y$10$G2yCjO278nOH1hJ3d6Sc7ejb42cFPCPRleF4CovMrp7fbEYeM7UZG', 'onenine18', 50, '2017-08-14 08:44:36', 0, 0, 1),
(243, 'ikhwan', 'munnirulikhwan@gmail.com', '$2y$10$hR32diP7XkSWSQY0IpGZju3VPKzPKWRgY6vB8o/UEhzGBzonk.EXa', 'munirul57588', 50, '2017-08-14 09:22:07', 0, 0, 1),
(244, 'rama', 'ramaadi263@gmail.com', '$2y$10$ekHEytc9IO7VqA8hkvDxse8FZI68E2H1Xwsgp4ICaC/A3ix9TjfGK', 'rama2004', 50, '2017-08-14 09:34:46', 0, 0, 1),
(245, 'sendy', 'sandi_rizal84@yahoo.com', '$2y$10$9Jz1G154xrgjMLRmFil5oeLy1fZ.3CPU2i5TK9j8Zqao9zMcv8WH.', 'kiki1234', 50, '2017-08-14 09:41:26', 0, 0, 1),
(246, 'nani', 'nanisuya075@gmail.com', '$2y$10$F4xNg/kxgorAJK5ZNWcPAeMpVB5bteE230y4hnAjX2mKXipKwPwsu', 'kiki1234', 50, '2017-08-14 09:50:53', 0, 0, 1),
(247, 'arizolla', 'arizolla33@gmail.com', '$2y$10$mQTgb43K3GK166Y23MqVVOygZJtKwYrekD0NIHaVVY4HNZtDRHmpi', 'arizolla33', 50, '2017-08-14 10:12:14', 0, 0, 1),
(248, 'LeoD', 'faused@gmail.com', '$2y$10$iytgtx5W3mA6tAtgnVpn7.OrnyQOuAforYkTMbftSBALQ/J0ThXZe', 'aserehe', 50, '2017-08-14 11:38:37', 0, 0, 1),
(250, 'cowonaqal', 'gojek.jkti8236@gmail.com', '$2y$10$clY0J2FYFGVKa/5aBxbfFO4NpQczr9CjMxexh1GjE0E876hdlGpMe', 'kakikukaku', 50, '2017-08-14 15:17:02', 0, 0, 1),
(249, 'aryajon', 'aryabrebes39@gmail.com', '$2y$10$DhtUGTwGMmcz/8jKctasHOZE8a3DQjbajRjl8p4ueSI65MZgOQQki', 'arya542', 50, '2017-08-14 14:36:11', 0, 0, 1),
(251, 'XuJiao', 'XuJiao@gmail.com', '$2y$10$nH4ZqFPgsN/Ayup.ZykheOLyaUiwtMYVcN.P/LklS1Jy0Dhf7.842', 'XuJiao123', 0, '2017-08-14 18:10:54', 0, 0, 1),
(252, 'fatony', 'fatonyx46@gmail.com', '$2y$10$v5gApn9iyfTXsoPR5MOwVehEol.VUE2GrwWoEPnYVKfJ6um9AynfG', 'tonygaul', 50, '2017-08-14 21:14:16', 0, 0, 1),
(253, 'faisal', 'faisalrizqy0@gmail.com', '$2y$10$m/Qm4XWu29L8OrLC/LnbMuDXgWO.qUbKiYSd4n9JOMM.2zKlCkoMm', 'lamborgini2014', 50, '2017-08-14 22:21:01', 0, 0, 1),
(254, 'djava', 'santoso.pudjo@gmail.com', '$2y$10$QW5Ekjor6eFLTFzne3dlS.Y6sLUvHC.FYZyN9XJtl8n5wjEbZP5n2', '03agustus1982', 50, '2017-08-14 22:53:45', 0, 0, 1),
(255, 'safarmuh', 'safararif30@gmail.com', '$2y$10$soxeZQaZEmemVgeVeodPweTPyyfhEGd0mypQwCWD9ICM8cbJ8Yhay', 'sumaling', 50, '2017-08-15 01:53:43', 0, 0, 1),
(256, 'Aliwalker', 'alimas0190@gmail.com', '$2y$10$vZ.vD4dxoi5liB3e3Q1MDeCrv2ELF49BGWYZXWZQpMxB3.FrI6VjK', 'walker', 50, '2017-08-15 02:07:59', 0, 0, 1),
(257, 'feral', 'ferydoan@gmail.com', '$2y$10$se6dx.vzoSDrn4MNxSAbYesrds6txMRdG6sAPnekoJFDLxk5MNHjq', 'feral1234', 50, '2017-08-15 12:08:11', 0, 0, 1),
(258, 'singpentinghalal', 'jokopolahcrew212@gmail.com', '$2y$10$qdwTevIUBK4nSXlvZMEFEuULBau59nmvxrcuPw58xHl9sJgv7cxzq', 'minimal6', 50, '2017-08-15 15:48:45', 0, 0, 1),
(259, 'zancs', 'ekibulle9@gmail.com', '$2y$10$AysigPIk4nK5zSJphre1nOHEEYSD0jvwdd0Mkep0KpNMDCUMKWqkm', 'tiasintia', 50, '2017-08-15 16:20:10', 0, 0, 1),
(260, 'Igunn', 'igunrafa123@gmail.com', '$2y$10$oWz4mswWwuoqrRO/wFDCoe.LSbT09veVkjNf.rj058dssUfIele/m', 'igunrafa', 50, '2017-08-15 18:47:28', 0, 0, 1),
(261, 'jhon003', 'Jhonaminn03121999@gmail.com', '$2y$10$Nt1OyzqI.69kf4j2k3W.teM1wxPQAvvDuC7fDzo1v6cnEpk59Ftv6', 'jhonaminn', 0, '2017-08-16 06:08:39', 0, 0, 1),
(262, 'Saiful8', 'saifulminhad6@gmail.com', '$2y$10$pDzbJvknPiBthiQnk72geuRnuk6fGwAY5Onae8lQ5dnjR13/Dd6i2', 'lambau2014', 50, '2017-08-16 06:50:16', 0, 0, 1),
(263, 'hayokk', 'kamfred@gmail.com', '$2y$10$wiLCAIBw.N2hVnQ3LWtWF.p.hfKsKcf8cQ2eDvisUgqlCngmFEnkO', 'hayokk', 50, '2017-08-16 10:11:35', 0, 0, 1),
(264, 'ananda', 'nandaniko30@gmail.com', '$2y$10$xbSwgXr51sdivfwVL/06YOZjr0gCk2i1KHgAUdJXrsAV76u1aX.km', '123456', 50, '2017-08-16 10:30:51', 0, 0, 1),
(265, 'niko', 'nikolas@gmail.com', '$2y$10$fclQ4u/wJ1MhK8zLfxBUM.v8qxAxEFSKdecfUFdWMbY6KxwaEA11.', '123456', 50, '2017-08-16 10:32:59', 0, 0, 1),
(266, 'muji', 'mujikuwat91@gmail.com', '$2y$10$eO9Pj/vcciId.yBpGrvxLO/8idwAvr/l8xN87f7LRVYLW5Ak0pwM.', 'serbabisa', 0, '2017-08-16 12:44:59', 0, 0, 1),
(267, 'pafari', 'jaodjekso@gmail.com', '$2y$10$.ByYJGhqZMIOfvtgKeGDUe2sWhvNIl8j40cBSq1iwdpOWwUpPh2uO', '123456', 50, '2017-08-16 13:36:26', 0, 0, 1),
(268, 'Ardian', 'cacawork98@gmail.com', '$2y$10$YStE0K0LubjJYvMlhECGxOu6NsqWLkiHfseyiejXtlcQ9sH6foX9e', '100000qw', 50, '2017-08-16 14:47:31', 0, 0, 1),
(269, 'mmii', 'khaommi@gmail.com', '$2y$10$oMtEYysUxpRuHX.WX/cJMe90eFRMNLVoxScK4sMfnh5jNyA08WLku', 'mmii', 50, '2017-08-16 22:31:00', 0, 0, 1),
(270, 'kholid', 'tiagasem03@gmail.com', '$2y$10$W8yEFiA86654gaVkelEIDuRTcZNwYjzhgVxxoWGDj6uucV.lwLG0q', 'suprax125', 0, '2017-08-17 11:50:22', 0, 0, 1),
(271, 'Asef1997', 'Asefsuryadi1997@gmail.com', '$2y$10$QGo4xB.WPWvmJr3SvJ/0fOFqQ/ktPpxmGkEDsZFd7W1cH8cGZbN5G', 'Sampoerna', 50, '2017-08-17 18:40:46', 0, 0, 1),
(272, 'ajisaka', 'azithea22@gmail.com', '$2y$10$NivUDp3hOpXEqoYokrpT1emSDM.3FPIyeK73lv5EaqwpJkdJvmGim', 'arupratama', 50, '2017-08-18 10:12:49', 0, 0, 1),
(273, 'oktavian', 'vhean34@gmail.com', '$2y$10$ea8UIkHtkPtNsXabbaiO7uhvHCVkAuG2R7548sHHeYiK54eQv0wfW', 'riooktavian', 50, '2017-08-18 10:15:57', 0, 0, 1),
(274, 'alfan', 'alfianospeed22@gmail.com', '$2y$10$SJ4uPZDxTiy9XeqWQKAzSuFJGqkhATdGWikGVKhvf4fgLjDAdJuae', 'muhammad', 50, '2017-08-18 10:37:31', 0, 0, 1),
(275, 'Wendycardi', 'cardiwendy199@gmal.com', '$2y$10$KNwNjehX05k/lvD6oW4dAO3zKL4TF80152/JfDFQtttM5NZ1GNH.e', 'cardi102001', 50, '2017-08-18 10:52:30', 0, 0, 1),
(276, 'udinsa', 'udinsaifudin90@yahoo.com', '$2y$10$hSqvPCOnT9bV3B.x8PdU0uTMSrZv1V0C8e9TGzsVktk93NzW0gjxG', 'kipasangin', 50, '2017-08-18 11:16:22', 0, 0, 1),
(277, 'fadlinug', 'fadli.nunuk@gmail.com', '$2y$10$sAaccWWdRV97u7jojGIkQ.luOODoo9QJWWjna80MQ5WyVTTXMj4va', 'naxzalgodawie21', 50, '2017-08-18 11:34:01', 0, 0, 1),
(278, 'wira', 'wirahadikristiono14@gmail.com', '$2y$10$zqYekRt5Oh7rgZLcS1a2IeVgZHXB10Pv8eqkE1hXgE37oafu3Szy.', 'wira123456', 50, '2017-08-18 11:53:01', 0, 0, 1),
(279, 'azhin', 'azhinc@yahoo.co.id', '$2y$10$srKFJEx03ZynUlOBdqY3c.dnocq48bFDSrkv.NHZjb8ee30eVZ6wm', 'salsabila', 50, '2017-08-18 11:59:21', 0, 0, 1),
(280, 'goezil', 'warji.gozail@gmail.com', '$2y$10$oBYEHRO3Kdf9jNC6JYRtUOBRVvA.UEWrYs0sXvKB17Z8n9pXJHHo.', 'Sukses2017', 50, '2017-08-18 13:20:10', 0, 0, 1),
(281, 'izamj01', 'izam.mafis.ae@gmail.com', '$2y$10$lcYkyRm3ehRPScBr56nXyux3wpBELvjO7uZZOh6ZyERyUKVaohlHu', '07082001', 50, '2017-08-18 13:50:00', 0, 0, 1),
(282, 'wasu123', 'luyekwahyu@gmail.com', '$2y$10$8TjQdWn.J2qCJ6ZZebYequTzo3n0.jasGAsGPZLVZeWIetQn7y0zW', 'a', 50, '2017-08-18 15:28:36', 0, 0, 1),
(284, 'galih', 'galihprasetyoaji01@gmail.com', '$2y$10$/ODq/6fn1YxeDW3JY3MDe.GhZYvl5QkC.xpLrP.b31LYAZMQ/8vkq', '111198', 50, '2017-08-18 16:15:45', 0, 0, 1),
(283, 'ethernia', 'dilampermana67@gmail.com', '$2y$10$tlyHTGf0RgqHzqsSqHzhQ.KJ5d7AF/rxgT2gJYv0cEk/.tmlTBukS', 'ethernia1', 50, '2017-08-18 15:36:37', 0, 0, 1),
(285, 'pertamax', 'pertamaxmini46@gmail.com', '$2y$10$XB2DPUmw5d0aSbtpiY4lKeihpoN7MWUqPjyncpviFkomyOg.i22r2', 'sandinyalupa', 50, '2017-08-18 16:32:48', 0, 0, 1),
(286, 'GolfSword', 'GolfSword45@gmail.com', '$2y$10$ivP6VWeL1jyEqvUSItzEseCic6xi9XaEzNdkIcs0/jFlDmuVMzl9y', '0642402410', 50, '2017-08-18 17:13:34', 0, 0, 1),
(287, 'otong', 'nenk_empat@yahoo.com', '$2y$10$6.OzRVJ0w0qenkG/IYVoyeLyNBGhS2sLDvLnjFr2jsXX2vu.EkzW6', 'bandung', 50, '2017-08-18 17:40:03', 0, 0, 1),
(288, 'ans22', 'ahmadns552@gmail.com', '$2y$10$SMZXhQapHSzb3WlMlrJ8bOEtc0q7BmbJ033KrC9HuRtRcCZG7Xwz.', '08811391573a', 50, '2017-08-18 17:50:33', 0, 0, 1),
(289, 'Vian', 'vianza@gmail.com', '$2y$10$QQDNaAzY7/AtzKzkoMEO6.DVNViSofZC2tsiMBwR2uf.U.IhlZFQm', 'vian12', 50, '2017-08-18 18:31:01', 0, 0, 1),
(290, 'vanzz99', 'vanzzgates@gmail.com', '$2y$10$Ie1jXx6BVjqd3hK6s7gbnOGYJqJQpAn.SohKO/RLFbo6qbbK/dOrG', 'vanzz99', 50, '2017-08-18 23:42:18', 0, 0, 1),
(291, 'tumsandee', 'baby_love_tum@hotmail.com', '$2y$10$Ajo3QGTt0B/3MEnXL6okROh3dms4ubsidoPP0xpsjvFmnnOl4Wmhq', '123456', 50, '2017-08-18 23:58:54', 0, 0, 1),
(292, 'Nattphong1', 'gose12345@gmail.com', '$2y$10$pc6btre6Inx5.wtrKWoWqeJNe8bPCTCCY4CP2PvNV/sIT.0itGQ4y', 'as0897648017', 50, '2017-08-19 00:17:07', 0, 0, 1),
(293, 'Acai', 'kenaihack@yahoo.com', '$2y$10$frZyw/h8EW8ptFO3oxg/..7/nl96qrML8MYDHmDpU48bv0NSmwESG', 'acai12', 50, '2017-08-19 00:17:22', 0, 0, 1),
(294, 'arif', 'arifganteng009@gmail.com', '$2y$10$W4JVLrvci6IibWBnpSTiDe/LA6g9tMDQVFbgJDmnpTQqVI7AhXNBa', 'arif365', 50, '2017-08-19 01:20:22', 0, 0, 1),
(295, 'adesta', 'agildimasfadillah90@gmail.com', '$2y$10$BfTh5//potYfw1K8HQWACuYK5jdwt1qVTvE9Ia/IR5/ZZWbVbZbni', 'adesta', 50, '2017-08-19 01:28:24', 0, 0, 1),
(296, 'dhedol', 'muaracipakelhilir@gmail.com', '$2y$10$CCnHnLhrU5gXnrIDwlSIMuNFjr.fRFv2LE74q42geoFXX.c2EDLv2', 'dede1990', 50, '2017-08-19 04:40:00', 0, 0, 1),
(297, 'makassar', 'ianpratam349@gmail.com', '$2y$10$VE/is5vAZfNmRw296PMnAuKDgl1YZcnNgtAyVfwEmQUfj9v7bza5W', 'katasandi', 50, '2017-08-19 05:09:03', 0, 0, 1),
(298, 'izamjr', 'izamnurmahmudi2@gmail.com', '$2y$10$wNNW55S9L.GPcSYsaoY1/.JYUtYfpMXqi4REIEoNbFpEwnW.f8aQu', '07082001', 50, '2017-08-19 05:13:23', 0, 0, 1),
(299, 'resell', 'resell@yahoo.com', '$2y$10$Qff8Xj0jZKsxi9nRklWP1.IeSW1E3gcbKU8XnkX2ZYObyMqt9EBhy', '123456', 50, '2017-08-19 06:05:25', 0, 0, 1),
(300, 'demam', 'muryanras@gmail.com', '$2y$10$wZGrzADbdOAbJ5.m/j62vO1LQ/w0IJPYQA/nEJz9GEe0DjkApB9NG', 'abcdefg', 50, '2017-08-19 08:36:09', 0, 0, 1),
(301, 'lalidoso', 'ajitpbo1@gmail.com', '$2y$10$O0KhzxN1nSk8IzasChTwc.cj.a.0aU/bZskDMpFjWx2/bbFF6Fodq', '280100', 50, '2017-08-19 09:05:22', 0, 0, 1),
(302, 'akmamz15', 'ilunkpsh@gmail.com', '$2y$10$Q6h8p9fM2Hs7V9L1HPo9deoIt7ja8b.mHgvdEFTHVX9.h3Po1kUdO', 'akmamz15', 50, '2017-08-19 11:07:22', 0, 0, 1),
(303, 'gwwae1', 'gwwae1@gmail.com', '$2y$10$XBfvHhtiJ6RW3N4m4kTWqO/6czFKLy/clPfOMQsr22QK6HlUavoN.', 'gwwae1', 50, '2017-08-19 12:13:19', 0, 0, 1),
(304, 'aens', 'Aensuherma13@gmail.com', '$2y$10$7NRITayCJRKZ9edN4znMpuHgf3oaVmbxjYfOmNDoO4oTCEciHQaoC', 'aensuherman', 50, '2017-08-19 12:41:27', 0, 0, 1),
(305, 'darkdemonssama', 'awalgamers29@gmail.com', '$2y$10$0sDXMBhAlxUd02U2OJu.auP.aC4618UJykhK6Syn939KDQo.NYCCy', 'otaku229', 10050, '2017-08-19 15:23:43', 0, 0, 1),
(306, 'stefanusnoval', 'stefanus_noval@yahoo.com', '$2y$10$f7Vcn2LCf2e9vTkkZUxJbe.TNNozp.xnL9FqTlPeUStnkVX94KVKO', 'stevanus123', 50, '2017-08-19 15:28:50', 0, 0, 1),
(307, 'MA25', 'saputraarif320@gmail.com', '$2y$10$.qn3iLLO2UxmP8ChcXWUbudEjH1FNqdaST0QG.YMLBwyvQLGjwCUi', 'muhammad250497', 50, '2017-08-19 16:10:33', 0, 0, 1),
(308, 'MBWP', 'pasoepatibangkit@yahoo.com', '$2y$10$66lwFXaPa9Yc2TS1d/EBPOf0Ra562BdVkrgEuH1OEaCAmn3542AG6', 'bangkit123', 50, '2017-08-19 21:30:01', 0, 0, 1),
(309, 'Nis4', 'mun1murt4d0@gmail.com', '$2y$10$i18ZAuwvGKLE4gTlYr3PEuUOliYYOtJAAS3kvJHe07Fj8RzSCKLra', '111111', 50, '2017-08-19 21:56:02', 0, 0, 1),
(310, 'Alvin099', 'linked099@gmail.com', '$2y$10$l38x.Jz.4D.exhjs2lZon.p2MGzdJ21Si13/3t7WSlFi06kHPjXie', 'adezahra123', 50, '2017-08-19 22:36:57', 0, 0, 1),
(311, 'icaktok', 'icakyeni2203@gmail.com', '$2y$10$IFtWsTJslBoMYzWrh91PleyYl0Veq7x6mUHaQHHxEuK8XZF2BHzj6', 'temanggung', 50, '2017-08-19 22:49:08', 0, 0, 1),
(312, 'forerly', 'forerly@gmail.com', '$2y$10$N.NDQu/EB0JlLWyokHx8xu590PXSkroFeLFh.jhTLzlfp5OI9EnUa', 'erly250812', 50, '2017-08-20 02:21:16', 0, 0, 1),
(313, 'Andi', 'Andi@gmail.com', '$2y$10$gbfVK/Q/wff0H6FZEHHPkejzgpYkco3vdt79x5j487JMJuSqC9DMC', 'mamikuayu', 50, '2017-08-20 02:48:29', 0, 0, 1),
(314, 'gzhart', 'andiahmadtaufik@gmail.com', '$2y$10$yuU6LCqJn8MKSyFoeJ3St.dCKv7AdzFuZKyJtDtlGTJ.c2VfE/J4S', '120512', 50, '2017-08-20 04:28:01', 0, 0, 1),
(315, 'jonoae', 'saipulumam0@gmail.com', '$2y$10$JtxrdqfEGP/XxYHjSEoX6u3.fhlNYmVZCNj1ugjMht8zpRv7bRcv2', 'jo01ko', 50, '2017-08-20 04:30:25', 0, 0, 1),
(316, 'justo', 'justomalakian69.hh@gmail.com', '$2y$10$iVn./Ts5UuVHYYeLo/C97.OyDD0lmBFMbKasIfZ9hOzRclSLn0D7G', 'allin6936', 50, '2017-08-20 05:36:42', 0, 0, 1),
(317, 'frank', 'mrbagus42@gmail.com', '$2y$10$kYjbUkFgZ8skF3iDZzMsyOonxDe1w00MFXfx5gPRR2duBdHc.k4Ni', 'hahaha', 50, '2017-08-20 05:52:19', 0, 0, 1),
(318, 'mahfudz123', 'terimakasihataslukanya@gmail.com', '$2y$10$TBhi.o0xji/UQdOiFjWbwOACVBnjUgBMvLJLc8WWDwb4j3aTv0peS', 'jihan123', 50, '2017-08-20 05:52:33', 0, 0, 1),
(319, 'setiawan22', 'achstwn@gmail.com', '$2y$10$FxLam27X5QFjWvdK7QlRyuDtbhK9vnVjDc72w9YOfNeIsmX69eLAW', 'wawan123', 50, '2017-08-20 05:52:34', 0, 0, 1),
(320, 'majesta93', 'majestapradana93@gmail.com', '$2y$10$4Lec1RtSSj5oU43CWhQpveFQRbBZhNqt7iVu4YKTvjg4UaLRsGlPC', 'jesta93', 50, '2017-08-20 06:54:37', 0, 0, 1),
(321, 'Reka', 'reka@gmail.com', '$2y$10$SO6TrFrK6G/j0rmjL9SgQOEuyAWs6eQxY3vxxtA59URmmj1heDLWu', 'reka123', 50, '2017-08-20 07:42:30', 0, 0, 1),
(322, 'bokerom', 'mr040here@gmail.com', '$2y$10$p1VwYAcT5obcGzxXOUGxIOqWe4iZEhR1vvsURcsyw0PcVQrHt7mn2', 'boker123', 50, '2017-08-20 07:50:52', 0, 0, 1),
(323, '7890', 'george123@gmail.com', '$2y$10$tP5Ajk69PTZx2EBYoubbyOoNsBtjyW4LLps2QEq5MI7/CpN4C5m/C', '567890', 50, '2017-08-20 08:40:33', 0, 0, 1),
(324, 'Adrian', 'adrianfauzan54@gmail.com', '$2y$10$7VzNYnmG9IeVBUSHfU6zuumg2KSvbGaROeHgbKFdnPyvqljR1nilW', '12345', 50, '2017-08-20 09:00:07', 0, 0, 1),
(325, 'Gamer', 'baver87@gmail.com', '$2y$10$xK.x/jV9q3ik3Se0BfnKKOAsvg33VIlu1ij3ZRMyzSK9pmnaFYViq', 'gamer8', 50, '2017-08-20 11:42:49', 0, 0, 1),
(326, 'alifcyber', 'alif.satunyali27@gmail.com', '$2y$10$O0.vuhuKbO.bpOrcw0d2zeP.0weuzp1Nu5eIeVFz70LSFWYubgKYC', 'gewar1927', 50, '2017-08-20 12:31:22', 0, 0, 1);
INSERT INTO `users` (`id`, `username`, `email`, `password`, `avatar`, `saldo`, `created_at`, `is_admin`, `is_confirmed`, `active`) VALUES
(327, 'Dheyofcg', 'dheyof@gmail.com', '$2y$10$fzSWCx/cjbmuxwIjq7qmC.D8IC.WSapAPjSmkfS5sQge/a3xGo2Nu', '12345qwert', 50, '2017-08-20 12:37:46', 0, 0, 1),
(328, 'Bocuk', 'yudharomansah@gmail.com', '$2y$10$pp0izACK6AjIm7ecbKJgPuTO4ou2au1/ibEZD0wVoVXAuGuhzNjEO', 'yudha e', 50, '2017-08-20 13:28:49', 0, 0, 1),
(329, 'aancuy2', 'aancuy2@gmail.com', '$2y$10$w5nD/PJbjeVBmuPXXLjhr.9oOV/kmkPr8lhbHOCp5dNUwoN92eMAu', 'aan021902557', 50, '2017-08-20 14:48:03', 0, 0, 1),
(330, 'bayusugara', 'bayujak78@gmail.com', '$2y$10$3qQoCEb9YbmgdW5YjUS4ZuVIEnpxUU/d/KBh1Mw2a29heY22I/U6O', 'lopelope', 50, '2017-08-20 15:15:17', 0, 0, 1),
(331, 'fesajabrik', 'fesajabrik@yahoo.com', '$2y$10$mGnhdRXpYSn3ZZwKi2lLPOJoqV2XXPUSXL3FBVxu2osu1QeobEdye', 'fesasaja', 50, '2017-08-20 15:48:36', 0, 0, 1),
(332, 'Layla', 'laylafitriani6@gmail.com', '$2y$10$ciKKdif28poH91MwWedAx.Mt.X3LFvIqvZTtYLP/7g9mowNwShdpW', 'fitrianilayla', 10050, '2017-08-20 16:37:44', 0, 0, 1),
(333, 'irwansyah77', 'irwansyahirwansyahirwansyah@gmail.com', '$2y$10$rNHdKuxHidf6IvN4DvOCd.WrP1OKVQhsQ4eDs9Kb6PlPE9056liPO', 'sitikurniati77', 50, '2017-08-21 03:33:32', 0, 0, 1),
(334, 'Nemo', 'kikidevil001@gmail.com', '$2y$10$tBv5VvhY3ZUFYS/y2X/Q1u8.Qoq03kgGkpttK2CJWAskugMGsIrfe', 'kokoae1234', 50, '2017-08-21 11:32:53', 0, 0, 1),
(335, 'Demo1234', 'bioskopnya@gmail.com', '$2y$10$AZPzD7TrEgzNuiTwzwaqhuvYA4V9ju8A6ZDwxdfLpDrvYL1TPQ6Ta', 'demo1234', 50, '2017-08-21 17:23:51', 0, 0, 1),
(336, 'Didink', 'rafileo49@yahoo.com', '$2y$10$4DN2bbApuc0T.tuawqE78ejcrO1uHPMvzIjih9to52qf4CoSPNr8u', 'Didink123', 50, '2017-08-22 05:32:52', 0, 0, 1),
(337, 'rangga', 'mohammad.rangga.n.f@gmail.com', '$2y$10$P3C14B/8B8mVgCDNIjwAeux40qpr3AiZoZj1gyrLDf4G0w73bRh5K', 'rangga19%', 50, '2017-08-22 11:34:40', 0, 0, 1),
(338, 'merong', 'vanisa.ws@gmail.com', '$2y$10$FfWVILXkcDiMOxOoaDyjSeIWDqmPvOC1Anpid1uVx58G8yuyVCYBK', 'iwaniwan', 50, '2017-08-22 21:49:48', 0, 0, 1),
(339, 'audie23', 'audiewala@gmail.com', '$2y$10$p9nmejBRLDGEDaboYCqXY.xXEsu/6swe6LxBo9Fne7XSTcCMfi3te', 'loupehku23', 50, '2017-08-23 00:11:56', 0, 0, 1),
(340, 'autobreakz', 'adikurniawan370@gmail.com', '$2y$10$17KyRX67J6A33VtzVuMtzO5sb2/gNNO7MGi2/3joGZVjvwdNks/vC', 'fuckyouboy', 50, '2017-08-23 00:33:28', 0, 0, 1),
(341, 'Wawan10', 'wawansw@hotmail.com', '$2y$10$GAIGmLeEcZo2TZGxWlRkUO7dbgiajFKnRb1P1q5QviRu/pS/BKXPe', 'Qwe123456', 50, '2017-08-23 04:50:21', 0, 0, 1),
(342, 'cuek', 'aku@gmail.com', '$2y$10$LzN4a/aef9bgZC7kco6wNu26kR4Yx.C2womBjtS3yfQewJZDWTha6', 'watepak', 50, '2017-08-23 07:26:18', 0, 0, 1),
(343, 'Dioda', 'tegar.gemaruzaman.tg@gmail.com', '$2y$10$6NaIoYl4bBYxguiaMOiXBeyndMB5VIROcQMuwv8HyI/mG22i3933i', 'qwertyuiop', 50, '2017-08-23 07:39:45', 0, 0, 1),
(344, 'b1lly', 'kikiisam01@gmail.com', '$2y$10$tDzwspsOaEFmh9HZpPkGgO.FjhbdnCW4aeGHkn7LmOszNarQXux5i', 'b1lly11', 50, '2017-08-23 07:54:48', 0, 0, 1),
(345, 'dandykr', 'dandyramalio07@gmail.com', '$2y$10$iVntONwVMCyerGJDy9noNO4BInfpeHZDuGnzw7eqdMRGlYgdI/dhG', 'kunfayakun1st', 30050, '2017-08-23 12:08:07', 0, 0, 1),
(346, 'fadhlyfg', 'fadhlyfg.ffg@gmail.com', '$2y$10$mo6kIrItDxIfPe9btKflkuE5HVxlJDzdgb4QZV7XxkBzd.OYEOud6', 'fadhly2306', 50, '2017-08-23 14:51:19', 0, 0, 1),
(347, 'Fadel', 'anekamodemebel@gmail.com', '$2y$10$Ai.tU2NQFBBIGwo2I28AFuytwONGVGZreRTRK00LWqo4NJU68KZy2', 'tanjungbatu', 50, '2017-08-23 15:04:53', 0, 0, 1),
(348, 'ginan', 'kukung.demit@gmail.com', '$2y$10$T.utFDFBqw9RPrgr9cl0a.rBK2.nl7EDPXiTn37hw2T3m8q9t6FMC', 'Alvino123', 50, '2017-08-23 16:30:40', 0, 0, 1),
(349, 'Sarayut33', 'somart_33_@hotmail.com', '$2y$10$9xNfWFYOOCModSUsvLKxgOJlZ3/DKJjzo0efllAGkXjfxzSvUsR4O', '0894593745', 50, '2017-08-23 20:22:50', 0, 0, 1),
(350, 'temon', 'yuliwidyastuti3@gmail.com', '$2y$10$Rgn6c36gyzI9uMX3EBxNVuUZyHWI4dJoOC0JK9f5UQgDHc9WfJLE6', 'demo1234', 50, '2017-08-24 06:37:45', 0, 0, 1),
(351, 'akuma169', 'kiraa0857@gmail.com', '$2y$10$cAk6RAgX6btUdY.8dwhHw.GHvbDpb4kwy84NThPYBjQvSMnqD18b6', 'majalah1234', 50, '2017-08-24 09:09:27', 0, 0, 1),
(352, 'phantom0204', 'grimm.jow597@gmail.com', '$2y$10$b1aOQrfIEOw3iN8ye1FFVOv0wK0K7TYFgDgnArEQhFQStSeOg5xFO', 'didin 01', 15000, '2017-08-24 13:42:35', 0, 0, 1),
(353, 'wahyu', 'wahyubaharudin@gmail.com', '$2y$10$HHPUXeD9.HhPjBaEUQrn6ezM1ySlUCcHhciHwfLjP.0XNwBmtHz1m', 'demo1234', 50, '2017-08-24 14:44:04', 0, 0, 1),
(354, 'unuss', 'kulluismintamin175@gmail.com', '$2y$10$TEt/1A7K5i.asr04y8izx.p0UbaqZzzdZRsQzPAphW4x5Ez5pmOOO', 'ujangg', 50, '2017-08-24 14:49:10', 0, 0, 1),
(355, 'suhaya', 'ayasuhaya312@gmail.com', '$2y$10$4N7sB0ha4lP8s1xH727.kefh4fKzTVbBVV4EkUA51KS3y14Qp.cPq', 'nusantara', 50, '2017-08-24 16:11:54', 0, 0, 1),
(356, 'Ali90', 'alifauzi405@gmail.com', '$2y$10$4Ldc4CSSyFT2qV.6.LnIB.cAzwcIrXNYLHtrExC1GqnyTenpPCvnK', '9090ali', 50, '2017-08-24 23:22:11', 0, 0, 1),
(357, 'miku', 'azisnufahroh@gmail.com', '$2y$10$B2U2pRXOAC1vS3B6CnbYbO9mFBx/YoAIUIk0fbziPwlMmZ3vWHTbW', 'miku12', 50, '2017-08-25 01:46:27', 0, 0, 1),
(358, 'minmin', 'kominasdfg@gmail.com', '$2y$10$iwSMJINZcc.0ijyDXTyXo.7yqEasdEBkwyTfZ8OS41GqC59YjD75y', '123456', 50, '2017-08-25 02:58:52', 0, 0, 1),
(359, 'awangzou', 'awangzou30@gmail.com', '$2y$10$2WIldwSsnSpBgZ4vnA4dyOPVppYMMWvTfRFeWZyUINJOwO9Oqu9QG', '3031996', 50, '2017-08-25 03:20:36', 0, 0, 1),
(360, 'yekjaff', 'jafarshodiqaljufri@gmail.com', '$2y$10$g1fxMftp51h/pOg49vPR8uwbE6GF2ij3iyiDAuQbU0ffia1q7ayim', 'jafar12345', 50, '2017-08-25 05:44:37', 0, 0, 1),
(361, 'Dancok', 'dancok@gmail.com', '$2y$10$F3cCy08VFZFstsBs8TJvpu/TdyH1JIJZwMvpJnybfUkZc8nhKz34.', 'picekwe', 50, '2017-08-25 05:50:36', 0, 0, 1),
(362, 'uyunks', 'deni.droid87@gmail.com', '$2y$10$js0mYdtPjVHDqp6pcemJSu8lYaQzw2F9TaeFAtvOg1FJ1uvtV44q2', '871228', 50, '2017-08-25 06:44:02', 0, 0, 1),
(363, 'YoshimaruRin', 'yoshinochan31@gmail.com', '$2y$10$l/uPJWnKHj4HzEsF4gWwM.i01xVjPjQJDlfTORm/DCKltN0rOB.Za', '1MUF6D1G3m0', 50, '2017-08-25 08:39:59', 0, 0, 1),
(364, 'riki12', 'rikikomputer1@gmail.com', '$2y$10$H4NEqzkoAd8Ki1jnxxfN.OfBZHkFPadjrE7SV4.nkdl7tm1CKRzeS', 'mahesa12', 50, '2017-08-25 14:14:52', 0, 0, 1),
(365, 'andrian99', 'andriansyahputra99@gmail.com', '$2y$10$1vfuy.3GBFVpIJ9AOjp6C.QJMhVg.b.oXargen4P/Wnl7Xtu18Ks.', 'andrian1122', 50, '2017-08-25 15:07:00', 0, 0, 1),
(366, 'khoiri', 'khoiri.akk@gmail.com', '$2y$10$a7P6c4HjK/z847ulU9EHu.lz72ixP7F5DHHsFeoiivkYvRPqRFzlm', 'nurl4tif4h', 50, '2017-08-25 23:10:39', 0, 0, 1),
(367, 'nabilarfa', 'nabilarfa25@gmail.com', '$2y$10$Dd4VutI1B4XblmG1pd3UQenruBwVWYvlMqsNO/R72VkwRMvQdvowO', 'arfakhoirony', 50, '2017-08-26 02:55:43', 0, 0, 1),
(368, 'Garda', 'ldxgaming606@gmail.com', '$2y$10$bUcFsM0l1ZXmntZvxZO6L.dxvN15Nl4MH6BHpguh1zKwvXSHlUls2', 'garuda701', 50, '2017-08-26 11:16:02', 0, 0, 1),
(369, 'bochel86', 'kholikcc27@gmail.com', '$2y$10$5OLSR8TK1r7QdLUiGP/cq.fM394tZ2MOwCmQnu3K9CrPqLTkFbtku', 'dancok22', 50, '2017-08-26 11:53:31', 0, 0, 1),
(370, 'fuadalfian', 'fuadalfian98@gmail.com', '$2y$10$ci3po1/Q97ZexXZGzULxE.4oN6NWkx5j89hHbsR3QNVHrO9x6.VFW', 'fuad123321', 50, '2017-08-26 13:38:37', 0, 0, 1),
(371, 'Dhani2510', 'kastilk290@gmail.com', '$2y$10$zHCG3n8f4q78AW20duMzEurX5A5soYbdxKpYl64HMGNGcrbYL.NUu', '25101991', 50, '2017-08-26 13:57:05', 0, 0, 1),
(372, 'apps13', 'lakijoss79@gmail.com', '$2y$10$u/Ffs61GbmYA6MN7MrRgtehtnINMR8W1xchEpYhQbMCrZ6MAuLoKq', 'awasloh', 50, '2017-08-26 16:10:27', 0, 0, 1),
(373, 'waijo', 'vigit9d30@gmail.com', '$2y$10$.y3FMOslxr5tyY6iNuNvv.p.Bhc3qSBxa3C8LeleV4JMwshamrfl6', 'waijo12345', 50, '2017-08-26 17:34:34', 0, 0, 1);

-- --------------------------------------------------------

--
-- Struktur dari tabel `website`
--

CREATE TABLE IF NOT EXISTS `website` (
  `brand` varchar(20) NOT NULL DEFAULT 'YOURWEB',
  `author` varchar(20) NOT NULL,
  `title` text,
  `description` text NOT NULL,
  `keyword` text NOT NULL,
  PRIMARY KEY (`brand`)
) ENGINE=MyISAM DEFAULT CHARSET=latin1;

/*!40101 SET CHARACTER_SET_CLIENT=@OLD_CHARACTER_SET_CLIENT */;
/*!40101 SET CHARACTER_SET_RESULTS=@OLD_CHARACTER_SET_RESULTS */;
/*!40101 SET COLLATION_CONNECTION=@OLD_COLLATION_CONNECTION */;
